2025-08-12 08:22:02 [INFO]: Incoming Request: POST /user/create
2025-08-12 08:22:37 [INFO]: Incoming Request: POST /user/create
2025-08-12 08:25:41 [INFO]: Incoming Request: POST /user/create
2025-08-12 08:27:10 [INFO]: Incoming Request: POST /user/create
2025-08-12 08:28:52 [INFO]: Incoming Request: POST /user/create
2025-08-12 08:29:30 [INFO]: Incoming Request: POST /user/create
2025-08-12 08:31:38 [INFO]: Incoming Request: POST /user/create
2025-08-12 08:34:39 [INFO]: Incoming Request: POST /user/create
2025-08-12 08:35:29 [INFO]: Incoming Request: POST /user/create
2025-08-12 08:36:10 [INFO]: Incoming Request: POST /user/create
2025-08-12 08:36:48 [INFO]: Incoming Request: POST /user/create
2025-08-12 08:49:20 [INFO]: Incoming Request: POST /user/login
2025-08-12 09:22:42 [INFO]: Incoming Request: GET /
2025-08-12 09:29:43 [INFO]: Incoming Request: GET /product/create
2025-08-12 09:30:21 [INFO]: Incoming Request: GET /product/create
2025-08-12 09:30:52 [INFO]: Incoming Request: GET /product/list/all
2025-08-12 09:31:52 [INFO]: Incoming Request: GET /product/list/all
2025-08-12 09:31:55 [INFO]: Incoming Request: GET /product/list/all
2025-08-12 09:32:44 [INFO]: Incoming Request: GET /product/list/all
2025-08-12 09:32:54 [INFO]: Incoming Request: GET /product/list/all
2025-08-12 09:32:55 [INFO]: Incoming Request: GET /product/list/all
2025-08-12 09:32:55 [INFO]: Incoming Request: GET /product/list/all
2025-08-12 09:32:55 [INFO]: Incoming Request: GET /product/list/all
2025-08-12 09:32:56 [INFO]: Incoming Request: GET /product/list/all
2025-08-12 09:33:28 [INFO]: Incoming Request: GET /product/list/all
2025-08-12 09:33:36 [INFO]: Incoming Request: GET /product/list/all
2025-08-12 09:33:41 [INFO]: Incoming Request: GET /product/list/all
2025-08-12 09:34:11 [INFO]: Incoming Request: GET /product/list/all
2025-08-12 09:34:54 [INFO]: Incoming Request: GET /product/create
2025-08-12 09:35:04 [INFO]: Incoming Request: GET /product/list/all
2025-08-12 09:35:05 [INFO]: Incoming Request: GET /product/list/...
2025-08-12 09:37:23 [INFO]: Incoming Request: GET /product/list/all
2025-08-12 09:37:29 [INFO]: Incoming Request: GET /product/list/all
2025-08-12 09:50:11 [INFO]: Incoming Request: GET /product/create
2025-08-12 09:50:24 [INFO]: Incoming Request: GET /product/create
2025-08-12 09:50:24 [INFO]: Incoming Request: GET /product/list/all
2025-08-12 09:51:06 [INFO]: Incoming Request: GET /
2025-08-12 09:51:09 [INFO]: Incoming Request: GET /products
2025-08-12 09:51:54 [INFO]: Incoming Request: GET /
2025-08-12 09:51:55 [INFO]: Incoming Request: GET /product/list/all
2025-08-12 10:36:55 [INFO]: Incoming Request: GET /api/v1/product/list/all?page=1
2025-08-12 10:37:09 [INFO]: Incoming Request: GET /api/v1/product/list/all?page=1
2025-08-12 10:37:33 [INFO]: Incoming Request: GET /product/list/all?page=1
2025-08-12 10:38:31 [INFO]: Incoming Request: GET /product/list/all?page=2
2025-08-12 10:39:22 [INFO]: Incoming Request: GET /product/list/all
2025-08-12 10:43:42 [INFO]: Incoming Request: GET /product/list/all
2025-08-12 10:43:48 [INFO]: Incoming Request: GET /product/list/all?page=2
2025-08-12 10:43:54 [INFO]: Incoming Request: GET /product/list/all?page=1
2025-08-12 10:43:59 [INFO]: Incoming Request: GET /product/list/all?page=2
2025-08-12 10:46:54 [INFO]: Incoming Request: GET /product/list/all?page=1
2025-08-12 10:50:03 [INFO]: Incoming Request: GET /product/list/all?page=2
2025-08-12 10:50:08 [INFO]: Incoming Request: GET /product/list/all?page=1
2025-08-12 11:45:42 [INFO]: Incoming Request: GET /product/list/all?page=1
2025-08-12 11:45:47 [INFO]: Incoming Request: GET /product/list/all?page=2
2025-08-12 11:47:41 [INFO]: Incoming Request: GET /
2025-08-12 11:47:47 [INFO]: Incoming Request: GET /product/list/all?search=ekash
2025-08-12 11:48:14 [INFO]: Incoming Request: GET /product/list/all?search=whote
2025-08-12 11:48:21 [INFO]: Incoming Request: GET /product/list/all?search=white
2025-08-12 11:48:28 [INFO]: Incoming Request: GET /product/list/all?search=shirt
2025-08-12 11:49:39 [INFO]: Incoming Request: GET /
2025-08-12 11:49:47 [INFO]: Incoming Request: GET /
2025-08-12 11:50:05 [INFO]: Incoming Request: GET /
2025-08-12 11:50:12 [INFO]: Incoming Request: GET /
2025-08-12 11:50:12 [INFO]: Incoming Request: GET /
2025-08-12 11:50:55 [INFO]: Incoming Request: GET /
2025-08-12 11:50:56 [INFO]: Incoming Request: GET /
2025-08-12 11:51:04 [INFO]: Incoming Request: GET /
2025-08-12 11:51:04 [INFO]: Incoming Request: GET /
2025-08-12 11:51:32 [INFO]: Incoming Request: GET /
2025-08-12 11:51:32 [INFO]: Incoming Request: GET /
2025-08-12 11:51:32 [INFO]: Incoming Request: GET /
2025-08-12 11:51:40 [INFO]: Incoming Request: GET /
2025-08-12 11:51:41 [INFO]: Incoming Request: GET /
2025-08-12 11:51:51 [INFO]: Incoming Request: GET /
2025-08-12 11:51:51 [INFO]: Incoming Request: GET /
2025-08-12 11:52:01 [INFO]: Incoming Request: GET /
2025-08-12 11:52:01 [INFO]: Incoming Request: GET /
2025-08-12 11:52:01 [INFO]: Incoming Request: GET /
2025-08-12 11:52:33 [INFO]: Incoming Request: GET /
2025-08-12 11:52:33 [INFO]: Incoming Request: GET /
2025-08-12 11:52:49 [INFO]: Incoming Request: GET /
2025-08-12 11:52:49 [INFO]: Incoming Request: GET /
2025-08-12 11:52:58 [INFO]: Incoming Request: GET /
2025-08-12 11:52:58 [INFO]: Incoming Request: GET /
2025-08-12 11:52:58 [INFO]: Incoming Request: GET /
2025-08-12 11:53:02 [INFO]: Incoming Request: GET /
2025-08-12 11:53:02 [INFO]: Incoming Request: GET /
2025-08-12 11:53:22 [INFO]: Incoming Request: GET /
2025-08-12 11:53:22 [INFO]: Incoming Request: GET /
2025-08-12 11:53:22 [INFO]: Incoming Request: GET /
2025-08-12 11:53:31 [INFO]: Incoming Request: GET /login
2025-08-12 11:53:34 [INFO]: Incoming Request: GET /signup
2025-08-12 11:54:40 [INFO]: Incoming Request: GET /product/list/all?search=k
2025-08-12 11:54:50 [INFO]: Incoming Request: GET /product/list/all?search=a
2025-08-12 11:54:53 [INFO]: Incoming Request: GET /product/list/all?page=2
2025-08-12 11:55:53 [INFO]: Incoming Request: GET /product/list/all?search=a
2025-08-12 11:55:56 [INFO]: Incoming Request: GET /product/list/all?page=2&search=a
2025-08-12 11:56:03 [INFO]: Incoming Request: GET /
2025-08-12 11:56:08 [INFO]: Incoming Request: GET /product/list/all?search=a
2025-08-12 11:56:15 [INFO]: Incoming Request: GET /product/list/all?page=2&search=a
2025-08-12 11:56:19 [INFO]: Incoming Request: GET /product/list/all?page=1&search=a
2025-08-12 11:56:24 [INFO]: Incoming Request: GET /list/all?search=pro
2025-08-12 11:56:46 [INFO]: Incoming Request: GET /product/list/all?page=1&search=a
2025-08-12 11:56:48 [INFO]: Incoming Request: GET /product/list/all?search=a
2025-08-12 11:56:51 [INFO]: Incoming Request: GET /product/list/all?search=pro
2025-08-12 11:56:55 [INFO]: Incoming Request: GET /product/list/all?search=p
2025-08-12 11:57:34 [INFO]: Incoming Request: GET /
2025-08-12 11:57:34 [INFO]: Incoming Request: GET /
2025-08-12 11:57:57 [INFO]: Incoming Request: GET /
2025-08-12 11:58:03 [INFO]: Incoming Request: GET /
2025-08-12 11:58:22 [INFO]: Incoming Request: GET /
2025-08-12 11:58:36 [INFO]: Incoming Request: GET /
2025-08-12 11:58:55 [INFO]: Incoming Request: GET /
2025-08-12 11:58:55 [INFO]: Incoming Request: GET /
2025-08-12 11:58:55 [INFO]: Incoming Request: GET /
2025-08-12 11:59:08 [INFO]: Incoming Request: GET /
2025-08-12 11:59:09 [INFO]: Incoming Request: GET /
2025-08-12 11:59:12 [INFO]: Incoming Request: GET /
2025-08-12 11:59:12 [INFO]: Incoming Request: GET /
2025-08-12 11:59:12 [INFO]: Incoming Request: GET /
2025-08-12 11:59:20 [INFO]: Incoming Request: GET /
2025-08-12 11:59:20 [INFO]: Incoming Request: GET /
2025-08-12 11:59:20 [INFO]: Incoming Request: GET /
2025-08-12 11:59:40 [INFO]: Incoming Request: GET /
2025-08-12 11:59:40 [INFO]: Incoming Request: GET /
2025-08-12 11:59:41 [INFO]: Incoming Request: GET /
2025-08-12 12:00:08 [INFO]: Incoming Request: GET /
2025-08-12 12:00:08 [INFO]: Incoming Request: GET /
2025-08-12 12:00:13 [INFO]: Incoming Request: GET /
2025-08-12 12:00:13 [INFO]: Incoming Request: GET /
2025-08-12 12:00:13 [INFO]: Incoming Request: GET /
2025-08-12 12:00:20 [INFO]: Incoming Request: GET /product/list/all?search=this
2025-08-12 12:00:23 [INFO]: Incoming Request: GET /product/list/all?search=this
2025-08-12 12:00:23 [INFO]: Incoming Request: GET /product/list/all?search=this
2025-08-12 12:00:24 [INFO]: Incoming Request: GET /product/list/all?search=this
2025-08-12 12:00:27 [INFO]: Incoming Request: GET /product/list/all?search=this
2025-08-12 12:00:35 [INFO]: Incoming Request: GET /product/list/all?search=a
2025-08-12 12:00:38 [INFO]: Incoming Request: GET /product/list/all?page=2&search=a
2025-08-12 12:01:07 [INFO]: Incoming Request: GET /product/list/all?search=women
2025-08-12 12:01:18 [INFO]: Incoming Request: GET /
2025-08-12 12:07:38 [INFO]: Incoming Request: GET /
2025-08-12 12:07:39 [INFO]: Incoming Request: GET /
2025-08-12 12:08:05 [INFO]: Incoming Request: GET /
2025-08-12 12:08:07 [INFO]: Incoming Request: GET /product/list/all
2025-08-12 12:08:44 [INFO]: Incoming Request: GET /product/list/all
2025-08-12 12:08:45 [INFO]: Incoming Request: GET /product/list/all
2025-08-12 12:08:55 [INFO]: Incoming Request: GET /product/list/all
2025-08-12 12:08:56 [INFO]: Incoming Request: GET /product/list/all
2025-08-12 12:09:01 [INFO]: Incoming Request: GET /list/all?search=&category=jewelery
2025-08-12 12:10:41 [INFO]: Incoming Request: GET /product/list/all
2025-08-12 12:10:42 [INFO]: Incoming Request: GET /product/list/all?search=&category=
2025-08-12 12:10:45 [INFO]: Incoming Request: GET /product/list/all?search=&category=jewelery
2025-08-12 12:10:50 [INFO]: Incoming Request: GET /product/list/all?search=&category=
2025-08-12 12:10:53 [INFO]: Incoming Request: GET /product/list/all?search=&category=electronics
2025-08-12 12:24:25 [INFO]: Incoming Request: GET /product/list/all?search=&category=electronics
2025-08-12 12:24:35 [INFO]: Incoming Request: GET /product/list/all?search=women&category=jewelery
2025-08-12 12:24:43 [INFO]: Incoming Request: GET /product/list/all?search=women&category=women%27s+clothing
2025-08-12 12:24:51 [INFO]: Incoming Request: GET /product/list/all?search=&category=jewelery
2025-08-12 12:30:17 [INFO]: Incoming Request: GET /product/list/all?search=&category=jewelery
2025-08-12 12:30:20 [INFO]: Incoming Request: GET /products/info/4551d6c6-abe7-4572-8908-511253e57c19
2025-08-12 12:33:51 [INFO]: Incoming Request: GET /product/list/all
2025-08-12 12:36:19 [INFO]: Incoming Request: GET /product/list/all
2025-08-12 12:36:21 [INFO]: Incoming Request: GET /products/info/19928381-30f2-4a3a-b24e-8f1decce27bb
2025-08-12 12:36:46 [INFO]: Incoming Request: GET /products/info/19928381-30f2-4a3a-b24e-8f1decce27bb
2025-08-12 12:36:53 [INFO]: Incoming Request: GET /products/info/19928381-30f2-4a3a-b24e-8f1decce27bb
2025-08-12 12:36:54 [INFO]: Incoming Request: GET /product/list/all
2025-08-12 12:36:56 [INFO]: Incoming Request: GET /product/info/19928381-30f2-4a3a-b24e-8f1decce27bb
2025-08-12 12:37:20 [INFO]: Incoming Request: GET /product/info/19928381-30f2-4a3a-b24e-8f1decce27bb
2025-08-12 12:51:43 [INFO]: Incoming Request: GET /product/info/19928381-30f2-4a3a-b24e-8f1decce27bb
2025-08-12 12:51:43 [INFO]: Incoming Request: GET /product/info/...
2025-08-12 12:51:55 [INFO]: Incoming Request: GET /product/info/19928381-30f2-4a3a-b24e-8f1decce27bb
2025-08-12 12:51:56 [INFO]: Incoming Request: GET /product/info/19928381-30f2-4a3a-b24e-8f1decce27bb
2025-08-12 12:52:04 [INFO]: Incoming Request: GET /product/info/19928381-30f2-4a3a-b24e-8f1decce27bb
2025-08-12 12:52:20 [INFO]: Incoming Request: GET /product/info/19928381-30f2-4a3a-b24e-8f1decce27bb
2025-08-12 12:52:20 [INFO]: Incoming Request: GET /product/info/19928381-30f2-4a3a-b24e-8f1decce27bb
2025-08-12 12:52:28 [INFO]: Incoming Request: GET /product/info/19928381-30f2-4a3a-b24e-8f1decce27bb
2025-08-12 12:52:32 [INFO]: Incoming Request: GET /product/info/19928381-30f2-4a3a-b24e-8f1decce27bb
2025-08-12 12:52:32 [INFO]: Incoming Request: GET /product/info/19928381-30f2-4a3a-b24e-8f1decce27bb
2025-08-12 12:52:42 [INFO]: Incoming Request: GET /product/info/19928381-30f2-4a3a-b24e-8f1decce27bb
2025-08-12 12:52:42 [INFO]: Incoming Request: GET /product/info/19928381-30f2-4a3a-b24e-8f1decce27bb
2025-08-12 12:53:02 [INFO]: Incoming Request: GET /product/info/19928381-30f2-4a3a-b24e-8f1decce27bb
2025-08-12 12:53:02 [INFO]: Incoming Request: GET /product/info/19928381-30f2-4a3a-b24e-8f1decce27bb
2025-08-12 12:53:02 [INFO]: Incoming Request: GET /product/info/19928381-30f2-4a3a-b24e-8f1decce27bb
2025-08-12 13:03:09 [INFO]: Incoming Request: GET /product/info/19928381-30f2-4a3a-b24e-8f1decce27bb
2025-08-12 13:05:25 [INFO]: Incoming Request: GET /product/info/19928381-30f2-4a3a-b24e-8f1decce27bb
2025-08-12 13:05:31 [INFO]: Incoming Request: GET /product/info/19928381-30f2-4a3a-b24e-8f1decce27bb?search=a
2025-08-12 13:05:35 [INFO]: Incoming Request: GET /product/info/19928381-30f2-4a3a-b24e-8f1decce27bb?search=a
2025-08-12 13:05:36 [INFO]: Incoming Request: GET /product/info/19928381-30f2-4a3a-b24e-8f1decce27bb?search=a
2025-08-12 13:05:38 [INFO]: Incoming Request: GET /product/info/19928381-30f2-4a3a-b24e-8f1decce27bb?search=a
2025-08-12 13:05:44 [INFO]: Incoming Request: GET /product/info/19928381-30f2-4a3a-b24e-8f1decce27bb?search=a
2025-08-12 13:05:47 [INFO]: Incoming Request: GET /product/info/19928381-30f2-4a3a-b24e-8f1decce27bb?search=a
2025-08-12 13:05:53 [INFO]: Incoming Request: GET /product/info/19928381-30f2-4a3a-b24e-8f1decce27bb?search=a
2025-08-12 13:05:53 [INFO]: Incoming Request: GET /product/info/19928381-30f2-4a3a-b24e-8f1decce27bb?search=a
2025-08-12 13:05:53 [INFO]: Incoming Request: GET /product/info/19928381-30f2-4a3a-b24e-8f1decce27bb?search=a
2025-08-12 13:05:56 [INFO]: Incoming Request: GET /product/info/19928381-30f2-4a3a-b24e-8f1decce27bb?search=a
2025-08-12 13:06:33 [INFO]: Incoming Request: GET /product/info/19928381-30f2-4a3a-b24e-8f1decce27bb?search=a
2025-08-12 13:06:33 [INFO]: Incoming Request: GET /product/info/19928381-30f2-4a3a-b24e-8f1decce27bb?search=a
2025-08-12 13:06:33 [INFO]: Incoming Request: GET /product/info/19928381-30f2-4a3a-b24e-8f1decce27bb?search=a
2025-08-12 13:06:36 [INFO]: Incoming Request: GET /product/list/all?search=a
2025-08-12 13:06:42 [INFO]: Incoming Request: GET /product/list/all
2025-08-12 13:07:29 [INFO]: Incoming Request: GET /product/info/19928381-30f2-4a3a-b24e-8f1decce27bb?search=a
2025-08-12 13:07:29 [INFO]: Incoming Request: GET /product/info/19928381-30f2-4a3a-b24e-8f1decce27bb?search=a
2025-08-12 13:07:29 [INFO]: Incoming Request: GET /product/info/19928381-30f2-4a3a-b24e-8f1decce27bb?search=a
2025-08-12 13:07:30 [INFO]: Incoming Request: GET /
2025-08-12 13:07:32 [INFO]: Incoming Request: GET /product/list/all
2025-08-12 13:07:36 [INFO]: Incoming Request: GET /
2025-08-12 13:07:37 [INFO]: Incoming Request: GET /product/list/all
2025-08-12 13:07:56 [INFO]: Incoming Request: GET /product/list/all?search=&category=jewelery
2025-08-12 13:08:00 [INFO]: Incoming Request: GET /product/list/all?search=&category=electronics
2025-08-12 13:08:05 [INFO]: Incoming Request: GET /product/list/all?search=a
2025-08-12 13:08:40 [INFO]: Incoming Request: GET /product/info/19928381-30f2-4a3a-b24e-8f1decce27bb
2025-08-12 13:14:52 [INFO]: Incoming Request: GET /product/info/19928381-30f2-4a3a-b24e-8f1decce27bb
2025-08-12 13:15:34 [INFO]: Incoming Request: GET /product/info/19928381-30f2-4a3a-b24e-8f1decce27bb
2025-08-12 13:15:39 [INFO]: Incoming Request: GET /product/info/19928381-30f2-4a3a-b24e-8f1decce27bb
2025-08-12 13:16:36 [INFO]: Incoming Request: GET /product/info/19928381-30f2-4a3a-b24e-8f1decce27bb
2025-08-12 13:16:36 [INFO]: Incoming Request: GET /product/info/19928381-30f2-4a3a-b24e-8f1decce27bb
2025-08-12 13:17:02 [INFO]: Incoming Request: GET /product/info/19928381-30f2-4a3a-b24e-8f1decce27bb
2025-08-12 13:17:03 [INFO]: Incoming Request: GET /product/info/19928381-30f2-4a3a-b24e-8f1decce27bb
2025-08-12 13:17:12 [INFO]: Incoming Request: GET /product/info/19928381-30f2-4a3a-b24e-8f1decce27bb
2025-08-12 13:17:12 [INFO]: Incoming Request: GET /product/info/19928381-30f2-4a3a-b24e-8f1decce27bb
2025-08-12 13:20:03 [INFO]: Incoming Request: GET /product/info/19928381-30f2-4a3a-b24e-8f1decce27bb
2025-08-12 13:20:14 [INFO]: Incoming Request: GET /.well-known/appspecific/com.chrome.devtools.json
2025-08-12 13:20:50 [INFO]: Incoming Request: GET /product/info/19928381-30f2-4a3a-b24e-8f1decce27bb
2025-08-12 13:20:50 [INFO]: Incoming Request: GET /.well-known/appspecific/com.chrome.devtools.json
2025-08-12 13:20:50 [INFO]: Incoming Request: GET /product/info/19928381-30f2-4a3a-b24e-8f1decce27bb
2025-08-12 13:20:50 [INFO]: Incoming Request: GET /.well-known/appspecific/com.chrome.devtools.json
2025-08-12 13:21:18 [INFO]: Incoming Request: GET /product/info/19928381-30f2-4a3a-b24e-8f1decce27bb
2025-08-12 13:21:18 [INFO]: Incoming Request: GET /.well-known/appspecific/com.chrome.devtools.json
2025-08-12 13:21:18 [INFO]: Incoming Request: GET /product/info/19928381-30f2-4a3a-b24e-8f1decce27bb
2025-08-12 13:21:18 [INFO]: Incoming Request: GET /.well-known/appspecific/com.chrome.devtools.json
2025-08-12 13:22:02 [INFO]: Incoming Request: POST /products/rate
2025-08-12 13:27:14 [INFO]: Incoming Request: POST /products/rate
2025-08-12 13:28:58 [INFO]: Incoming Request: GET /product/info/19928381-30f2-4a3a-b24e-8f1decce27bb
2025-08-12 13:28:59 [INFO]: Incoming Request: GET /.well-known/appspecific/com.chrome.devtools.json
2025-08-12 13:29:03 [INFO]: Incoming Request: POST /product/ratings
2025-08-12 13:29:25 [INFO]: Incoming Request: GET /product/info/19928381-30f2-4a3a-b24e-8f1decce27bb
2025-08-12 13:29:25 [INFO]: Incoming Request: GET /.well-known/appspecific/com.chrome.devtools.json
2025-08-12 13:29:32 [INFO]: Incoming Request: POST /product/ratings
2025-08-12 13:29:36 [INFO]: Incoming Request: POST /product/ratings
2025-08-12 13:29:37 [INFO]: Incoming Request: GET /product/info/19928381-30f2-4a3a-b24e-8f1decce27bb
2025-08-12 13:29:37 [INFO]: Incoming Request: GET /.well-known/appspecific/com.chrome.devtools.json
2025-08-12 13:29:47 [INFO]: Incoming Request: POST /product/ratings
2025-08-12 13:29:48 [INFO]: Incoming Request: GET /product/info/19928381-30f2-4a3a-b24e-8f1decce27bb
2025-08-12 13:29:48 [INFO]: Incoming Request: GET /.well-known/appspecific/com.chrome.devtools.json
2025-08-12 13:38:36 [INFO]: Incoming Request: GET /product/info/19928381-30f2-4a3a-b24e-8f1decce27bb
2025-08-12 13:38:37 [INFO]: Incoming Request: GET /.well-known/appspecific/com.chrome.devtools.json
2025-08-12 13:38:52 [INFO]: Incoming Request: GET /product/info/19928381-30f2-4a3a-b24e-8f1decce27bb
2025-08-12 13:38:52 [INFO]: Incoming Request: GET /.well-known/appspecific/com.chrome.devtools.json
2025-08-12 13:39:35 [INFO]: Incoming Request: GET /product/info/19928381-30f2-4a3a-b24e-8f1decce27bb
2025-08-12 13:39:35 [INFO]: Incoming Request: GET /.well-known/appspecific/com.chrome.devtools.json
2025-08-12 13:39:47 [INFO]: Incoming Request: GET /product/info/19928381-30f2-4a3a-b24e-8f1decce27bb
2025-08-12 13:39:47 [INFO]: Incoming Request: GET /.well-known/appspecific/com.chrome.devtools.json
2025-08-12 13:39:51 [INFO]: Incoming Request: POST /product/ratings
2025-08-12 13:39:53 [INFO]: Incoming Request: GET /product/info/19928381-30f2-4a3a-b24e-8f1decce27bb
2025-08-12 13:39:53 [INFO]: Incoming Request: GET /.well-known/appspecific/com.chrome.devtools.json
2025-08-12 13:40:52 [INFO]: Incoming Request: GET /product/info/19928381-30f2-4a3a-b24e-8f1decce27bb
2025-08-12 13:40:52 [INFO]: Incoming Request: GET /.well-known/appspecific/com.chrome.devtools.json
2025-08-12 13:40:55 [INFO]: Incoming Request: POST /product/ratings
2025-08-12 13:41:02 [INFO]: Incoming Request: GET /product/info/19928381-30f2-4a3a-b24e-8f1decce27bb
2025-08-12 13:41:02 [INFO]: Incoming Request: GET /.well-known/appspecific/com.chrome.devtools.json
2025-08-12 13:41:10 [INFO]: Incoming Request: GET /product/info/19928381-30f2-4a3a-b24e-8f1decce27bb
2025-08-12 13:41:10 [INFO]: Incoming Request: GET /.well-known/appspecific/com.chrome.devtools.json
2025-08-12 13:41:14 [INFO]: Incoming Request: POST /product/ratings
2025-08-12 13:41:25 [INFO]: Incoming Request: GET /product/info/19928381-30f2-4a3a-b24e-8f1decce27bb
2025-08-12 13:41:25 [INFO]: Incoming Request: GET /.well-known/appspecific/com.chrome.devtools.json
2025-08-12 13:41:30 [INFO]: Incoming Request: POST /product/ratings
2025-08-12 13:42:21 [INFO]: Incoming Request: GET /product/info/19928381-30f2-4a3a-b24e-8f1decce27bb
2025-08-12 13:42:21 [INFO]: Incoming Request: GET /.well-known/appspecific/com.chrome.devtools.json
2025-08-12 13:42:24 [INFO]: Incoming Request: POST /product/ratings
2025-08-12 13:42:29 [INFO]: Incoming Request: GET /product/info/19928381-30f2-4a3a-b24e-8f1decce27bb
2025-08-12 13:42:29 [INFO]: Incoming Request: GET /.well-known/appspecific/com.chrome.devtools.json
2025-08-12 13:42:29 [INFO]: Incoming Request: GET /product/info/19928381-30f2-4a3a-b24e-8f1decce27bb
2025-08-12 13:42:29 [INFO]: Incoming Request: GET /.well-known/appspecific/com.chrome.devtools.json
2025-08-12 13:42:33 [INFO]: Incoming Request: POST /product/ratings
2025-08-12 13:42:37 [INFO]: Incoming Request: POST /product/ratings
2025-08-12 13:42:47 [INFO]: Incoming Request: GET /product/info/19928381-30f2-4a3a-b24e-8f1decce27bb
2025-08-12 13:42:47 [INFO]: Incoming Request: GET /.well-known/appspecific/com.chrome.devtools.json
2025-08-12 13:42:47 [INFO]: Incoming Request: GET /product/info/19928381-30f2-4a3a-b24e-8f1decce27bb
2025-08-12 13:42:47 [INFO]: Incoming Request: GET /.well-known/appspecific/com.chrome.devtools.json
2025-08-12 13:43:02 [INFO]: Incoming Request: GET /product/info/19928381-30f2-4a3a-b24e-8f1decce27bb
2025-08-12 13:43:02 [INFO]: Incoming Request: GET /product/info/19928381-30f2-4a3a-b24e-8f1decce27bb
2025-08-12 13:43:02 [INFO]: Incoming Request: GET /.well-known/appspecific/com.chrome.devtools.json
2025-08-12 13:43:02 [INFO]: Incoming Request: GET /product/info/19928381-30f2-4a3a-b24e-8f1decce27bb
2025-08-12 13:43:02 [INFO]: Incoming Request: GET /.well-known/appspecific/com.chrome.devtools.json
2025-08-12 13:44:43 [INFO]: Incoming Request: GET /product/info/19928381-30f2-4a3a-b24e-8f1decce27bb
2025-08-12 13:44:43 [INFO]: Incoming Request: GET /.well-known/appspecific/com.chrome.devtools.json
2025-08-12 13:44:47 [INFO]: Incoming Request: POST /product/ratings
2025-08-12 13:45:32 [INFO]: Incoming Request: GET /product/info/19928381-30f2-4a3a-b24e-8f1decce27bb
2025-08-12 13:45:32 [INFO]: Incoming Request: GET /.well-known/appspecific/com.chrome.devtools.json
2025-08-12 13:45:35 [INFO]: Incoming Request: POST /product/ratings
2025-08-12 13:51:20 [INFO]: Incoming Request: GET /
2025-08-12 13:51:20 [INFO]: Incoming Request: GET /.well-known/appspecific/com.chrome.devtools.json
2025-08-12 13:51:37 [INFO]: Incoming Request: GET /product/list/all?search=women
2025-08-12 13:51:37 [INFO]: Incoming Request: GET /.well-known/appspecific/com.chrome.devtools.json
2025-08-12 13:51:47 [INFO]: Incoming Request: GET /product/list/all?search=women&category=jewelery
2025-08-12 13:51:47 [INFO]: Incoming Request: GET /.well-known/appspecific/com.chrome.devtools.json
2025-08-12 13:51:54 [INFO]: Incoming Request: GET /product/list/all
2025-08-12 13:51:54 [INFO]: Incoming Request: GET /.well-known/appspecific/com.chrome.devtools.json
2025-08-12 13:51:56 [INFO]: Incoming Request: GET /product/list/all?page=2&search=&category=
2025-08-12 13:51:56 [INFO]: Incoming Request: GET /.well-known/appspecific/com.chrome.devtools.json
2025-08-12 13:52:03 [INFO]: Incoming Request: GET /product/list/all?page=1&search=&category=
2025-08-12 13:52:03 [INFO]: Incoming Request: GET /.well-known/appspecific/com.chrome.devtools.json
2025-08-12 13:52:05 [INFO]: Incoming Request: GET /product/list/all?page=2&search=&category=
2025-08-12 13:52:05 [INFO]: Incoming Request: GET /.well-known/appspecific/com.chrome.devtools.json
2025-08-12 13:52:33 [INFO]: Incoming Request: GET /product/list/all
2025-08-12 13:52:33 [INFO]: Incoming Request: GET /.well-known/appspecific/com.chrome.devtools.json
2025-08-12 13:52:50 [INFO]: Incoming Request: GET /product/info/19928381-30f2-4a3a-b24e-8f1decce27bb
2025-08-12 13:52:50 [INFO]: Incoming Request: GET /.well-known/appspecific/com.chrome.devtools.json
2025-08-12 13:52:57 [INFO]: Incoming Request: POST /product/ratings
2025-08-12 13:56:36 [INFO]: Incoming Request: POST /product/ratings
2025-08-12 13:57:01 [INFO]: Incoming Request: POST /product/ratings
2025-08-12 13:57:15 [INFO]: Incoming Request: POST /product/ratings
2025-08-12 13:57:30 [INFO]: Incoming Request: POST /product/ratings
2025-08-12 13:57:36 [INFO]: Incoming Request: POST /product/ratings
2025-08-12 13:57:38 [INFO]: Incoming Request: POST /product/ratings
2025-08-12 13:57:41 [INFO]: Incoming Request: POST /product/ratings
2025-08-12 14:00:15 [INFO]: Incoming Request: GET /product/info/19928381-30f2-4a3a-b24e-8f1decce27bb
2025-08-12 14:00:15 [INFO]: Incoming Request: GET /.well-known/appspecific/com.chrome.devtools.json
2025-08-13 06:45:03 [INFO]: Incoming Request: GET /
2025-08-13 06:45:03 [INFO]: Incoming Request: GET /favicon.ico
2025-08-13 06:50:25 [INFO]: Incoming Request: GET /
2025-08-13 06:52:51 [INFO]: Incoming Request: GET /
2025-08-13 06:52:52 [INFO]: Incoming Request: GET /login
2025-08-13 06:52:53 [INFO]: Incoming Request: GET /login
2025-08-13 06:54:12 [INFO]: Incoming Request: GET /
2025-08-13 06:54:14 [INFO]: Incoming Request: GET /user/login
2025-08-13 06:54:40 [INFO]: Incoming Request: GET /user/login
2025-08-13 06:54:40 [INFO]: Incoming Request: GET /user/login
2025-08-13 06:54:59 [INFO]: Incoming Request: GET /user/login
2025-08-13 06:54:59 [INFO]: Incoming Request: GET /user/login
2025-08-13 06:55:00 [INFO]: Incoming Request: GET /user/login
2025-08-13 06:55:18 [INFO]: Incoming Request: GET /user/login
2025-08-13 06:55:19 [INFO]: Incoming Request: GET /user/login
2025-08-13 06:55:26 [INFO]: Incoming Request: GET /user/login
2025-08-13 06:55:26 [INFO]: Incoming Request: GET /user/login
2025-08-13 06:55:31 [INFO]: Incoming Request: GET /user/login
2025-08-13 06:55:32 [INFO]: Incoming Request: GET /user/login
2025-08-13 06:55:37 [INFO]: Incoming Request: GET /user/login
2025-08-13 06:55:37 [INFO]: Incoming Request: GET /user/login
2025-08-13 06:55:37 [INFO]: Incoming Request: GET /user/login
2025-08-13 06:55:38 [INFO]: Incoming Request: GET /user/login
2025-08-13 06:55:53 [INFO]: Incoming Request: GET /user/login
2025-08-13 06:55:53 [INFO]: Incoming Request: GET /user/login
2025-08-13 06:55:53 [INFO]: Incoming Request: GET /user/login
2025-08-13 06:57:47 [INFO]: Incoming Request: GET /user/login
2025-08-13 06:57:57 [INFO]: Incoming Request: GET /user/login
2025-08-13 06:58:07 [INFO]: Incoming Request: GET /user/login
2025-08-13 06:58:07 [INFO]: Incoming Request: GET /user/login
2025-08-13 06:58:07 [INFO]: Incoming Request: GET /user/login
2025-08-13 06:58:12 [INFO]: Incoming Request: GET /user/login
2025-08-13 06:58:18 [INFO]: Incoming Request: GET /user/login
2025-08-13 06:58:18 [INFO]: Incoming Request: GET /user/login
2025-08-13 06:58:18 [INFO]: Incoming Request: GET /user/login
2025-08-13 06:58:18 [INFO]: Incoming Request: GET /user/login
2025-08-13 06:58:31 [INFO]: Incoming Request: GET /user/login
2025-08-13 06:58:31 [INFO]: Incoming Request: GET /user/login
2025-08-13 06:58:31 [INFO]: Incoming Request: GET /user/login
2025-08-13 07:00:24 [INFO]: Incoming Request: GET /user/signup
2025-08-13 07:04:01 [INFO]: Incoming Request: GET /product/info/19928381-30f2-4a3a-b24e-8f1decce27bb
2025-08-13 07:04:03 [INFO]: Incoming Request: GET /user/login
2025-08-13 07:04:05 [INFO]: Incoming Request: GET /user/signup
2025-08-13 07:04:06 [INFO]: Incoming Request: GET /user/signup
2025-08-13 07:04:13 [INFO]: Incoming Request: GET /user/signup
2025-08-13 07:04:16 [INFO]: Incoming Request: GET /user/signup
2025-08-13 07:04:17 [INFO]: Incoming Request: GET /user/signup
2025-08-13 07:04:23 [INFO]: Incoming Request: GET /user/signup
2025-08-13 07:04:23 [INFO]: Incoming Request: GET /user/signup
2025-08-13 07:04:24 [INFO]: Incoming Request: GET /user/signup
2025-08-13 07:04:24 [INFO]: Incoming Request: GET /user/signup
2025-08-13 07:05:52 [INFO]: Incoming Request: GET /user/signup
2025-08-13 07:05:57 [INFO]: Incoming Request: GET /user/signup
2025-08-13 07:06:07 [INFO]: Incoming Request: GET /user/signup
2025-08-13 07:06:07 [INFO]: Incoming Request: GET /user/signup
2025-08-13 07:06:08 [INFO]: Incoming Request: GET /user/signup
2025-08-13 07:06:08 [INFO]: Incoming Request: GET /user/signup
2025-08-13 07:06:28 [INFO]: Incoming Request: GET /user/signup
2025-08-13 07:06:28 [INFO]: Incoming Request: GET /user/signup
2025-08-13 07:06:28 [INFO]: Incoming Request: GET /user/signup
2025-08-13 07:06:28 [INFO]: Incoming Request: GET /user/signup
2025-08-13 07:06:42 [INFO]: Incoming Request: GET /user/signup
2025-08-13 07:06:42 [INFO]: Incoming Request: GET /user/signup
2025-08-13 07:06:43 [INFO]: Incoming Request: GET /user/signup
2025-08-13 07:06:47 [INFO]: Incoming Request: GET /user/signup
2025-08-13 07:06:47 [INFO]: Incoming Request: GET /user/signup
2025-08-13 07:06:50 [INFO]: Incoming Request: GET /user/signup
2025-08-13 07:06:51 [INFO]: Incoming Request: GET /user/signup
2025-08-13 07:07:46 [INFO]: Incoming Request: GET /user/signup
2025-08-13 07:08:02 [INFO]: Incoming Request: GET /user/signup
2025-08-13 07:08:02 [INFO]: Incoming Request: GET /user/signup
2025-08-13 07:08:03 [INFO]: Incoming Request: GET /user/signup
2025-08-13 07:10:46 [INFO]: Incoming Request: GET /user/login
2025-08-13 07:10:51 [INFO]: Incoming Request: POST /user/login
2025-08-13 07:11:52 [INFO]: Incoming Request: GET /user/signup
2025-08-13 07:12:34 [INFO]: Incoming Request: POST /user/signup
2025-08-13 07:12:56 [INFO]: Incoming Request: POST /user/signup
2025-08-13 07:13:01 [INFO]: Incoming Request: GET /user/signup
2025-08-13 07:13:07 [INFO]: Incoming Request: POST /user/create
2025-08-13 07:13:20 [INFO]: Incoming Request: POST /user/create
2025-08-13 07:13:22 [INFO]: Incoming Request: GET /user/signup
2025-08-13 07:13:27 [INFO]: Incoming Request: POST /user/create
2025-08-13 07:13:43 [INFO]: Incoming Request: POST /user/create
2025-08-13 08:30:26 [INFO]: Incoming Request: GET /user/signup
2025-08-13 08:30:28 [INFO]: Incoming Request: GET /.well-known/appspecific/com.chrome.devtools.json
2025-08-13 08:30:51 [INFO]: Incoming Request: GET /user/signup
2025-08-13 08:30:51 [INFO]: Incoming Request: GET /.well-known/appspecific/com.chrome.devtools.json
2025-08-13 08:30:52 [INFO]: Incoming Request: GET /user/signup
2025-08-13 08:30:52 [INFO]: Incoming Request: GET /.well-known/appspecific/com.chrome.devtools.json
2025-08-13 08:31:18 [INFO]: Incoming Request: GET /user/signup
2025-08-13 08:31:18 [INFO]: Incoming Request: GET /.well-known/appspecific/com.chrome.devtools.json
2025-08-13 08:33:13 [INFO]: Incoming Request: GET /user/signup
2025-08-13 08:33:13 [INFO]: Incoming Request: GET /.well-known/appspecific/com.chrome.devtools.json
2025-08-13 08:33:18 [INFO]: Incoming Request: GET /user/signup
2025-08-13 08:33:18 [INFO]: Incoming Request: GET /.well-known/appspecific/com.chrome.devtools.json
2025-08-13 08:33:22 [INFO]: Incoming Request: GET /user/signup?name=&email=lohithluxurytransporters%40gmail.com&password=lohithluxurycars.com%40123%23&inlineRadioOptions=M
2025-08-13 08:33:22 [INFO]: Incoming Request: GET /.well-known/appspecific/com.chrome.devtools.json
2025-08-13 08:33:25 [INFO]: Incoming Request: GET /user/signup?name=&email=lohithluxurytransporters%40gmail.com&password=lohithluxurycars.com%40123%23&inlineRadioOptions=M
2025-08-13 08:33:25 [INFO]: Incoming Request: GET /.well-known/appspecific/com.chrome.devtools.json
2025-08-13 08:33:28 [INFO]: Incoming Request: GET /user/signup?name=e&email=lohithluxurytransporters%40gmail.com&password=lohithluxurycars.com%40123%23&inlineRadioOptions=M
2025-08-13 08:33:28 [INFO]: Incoming Request: GET /.well-known/appspecific/com.chrome.devtools.json
2025-08-13 08:33:48 [INFO]: Incoming Request: GET /user/signup?name=e&email=lohithluxurytransporters%40gmail.com&password=lohithluxurycars.com%40123%23&inlineRadioOptions=M
2025-08-13 08:33:48 [INFO]: Incoming Request: GET /.well-known/appspecific/com.chrome.devtools.json
2025-08-13 08:33:50 [INFO]: Incoming Request: GET /user/signup?name=&email=lohithluxurytransporters%40gmail.com&password=lohithluxurycars.com%40123%23&inlineRadioOptions=M
2025-08-13 08:33:50 [INFO]: Incoming Request: GET /.well-known/appspecific/com.chrome.devtools.json
2025-08-13 08:37:54 [INFO]: Incoming Request: GET /user/signup?name=&email=lohithluxurytransporters%40gmail.com&password=lohithluxurycars.com%40123%23&inlineRadioOptions=M
2025-08-13 08:37:54 [INFO]: Incoming Request: GET /.well-known/appspecific/com.chrome.devtools.json
2025-08-13 08:37:55 [INFO]: Incoming Request: GET /user/signup?name=&email=lohithluxurytransporters%40gmail.com&password=lohithluxurycars.com%40123%23&inlineRadioOptions=M
2025-08-13 08:37:55 [INFO]: Incoming Request: GET /.well-known/appspecific/com.chrome.devtools.json
2025-08-13 08:37:56 [INFO]: Incoming Request: GET /user/signup?name=&email=lohithluxurytransporters%40gmail.com&password=lohithluxurycars.com%40123%23&inlineRadioOptions=M
2025-08-13 08:37:56 [INFO]: Incoming Request: GET /.well-known/appspecific/com.chrome.devtools.json
2025-08-13 08:37:57 [INFO]: Incoming Request: GET /user/signup?name=&email=lohithluxurytransporters%40gmail.com&password=lohithluxurycars.com%40123%23&inlineRadioOptions=M
2025-08-13 08:37:57 [INFO]: Incoming Request: GET /.well-known/appspecific/com.chrome.devtools.json
2025-08-13 08:37:58 [INFO]: Incoming Request: GET /user/signup?name=&email=lohithluxurytransporters%40gmail.com&password=lohithluxurycars.com%40123%23&inlineRadioOptions=M
2025-08-13 08:37:58 [INFO]: Incoming Request: GET /.well-known/appspecific/com.chrome.devtools.json
2025-08-13 08:38:04 [INFO]: Incoming Request: GET /user/signup?
2025-08-13 08:38:04 [INFO]: Incoming Request: GET /.well-known/appspecific/com.chrome.devtools.json
2025-08-13 08:38:06 [INFO]: Incoming Request: GET /user/signup?name=&email=lohithluxurytransporters%40gmail.com&password=lohithluxurycars.com%40123%23&inlineRadioOptions=M
2025-08-13 08:38:06 [INFO]: Incoming Request: GET /.well-known/appspecific/com.chrome.devtools.json
2025-08-13 08:38:07 [INFO]: Incoming Request: GET /user/signup?name=&email=lohithluxurytransporters%40gmail.com&password=lohithluxurycars.com%40123%23&inlineRadioOptions=M
2025-08-13 08:38:07 [INFO]: Incoming Request: GET /.well-known/appspecific/com.chrome.devtools.json
2025-08-13 08:39:26 [INFO]: Incoming Request: GET /user/signup?name=&email=lohithluxurytransporters%40gmail.com&password=lohithluxurycars.com%40123%23&inlineRadioOptions=M
2025-08-13 08:39:26 [INFO]: Incoming Request: GET /.well-known/appspecific/com.chrome.devtools.json
2025-08-13 08:39:27 [INFO]: Incoming Request: GET /user/signup?name=&email=lohithluxurytransporters%40gmail.com&password=lohithluxurycars.com%40123%23&inlineRadioOptions=M
2025-08-13 08:39:27 [INFO]: Incoming Request: GET /.well-known/appspecific/com.chrome.devtools.json
2025-08-13 08:39:32 [INFO]: Incoming Request: GET /
2025-08-13 08:39:32 [INFO]: Incoming Request: GET /.well-known/appspecific/com.chrome.devtools.json
2025-08-13 08:39:33 [INFO]: Incoming Request: GET /user/login
2025-08-13 08:39:34 [INFO]: Incoming Request: GET /.well-known/appspecific/com.chrome.devtools.json
2025-08-13 08:39:35 [INFO]: Incoming Request: GET /user/signup
2025-08-13 08:39:35 [INFO]: Incoming Request: GET /.well-known/appspecific/com.chrome.devtools.json
2025-08-13 08:39:36 [INFO]: Incoming Request: GET /user/signup?name=&email=lohithluxurytransporters%40gmail.com&password=lohithluxurycars.com%40123%23&inlineRadioOptions=M
2025-08-13 08:39:36 [INFO]: Incoming Request: GET /.well-known/appspecific/com.chrome.devtools.json
2025-08-13 08:41:54 [INFO]: Incoming Request: GET /user/signup?name=&email=lohithluxurytransporters%40gmail.com&password=lohithluxurycars.com%40123%23&inlineRadioOptions=M
2025-08-13 08:41:54 [INFO]: Incoming Request: GET /.well-known/appspecific/com.chrome.devtools.json
2025-08-13 08:42:05 [INFO]: Incoming Request: GET /user/signup
2025-08-13 08:42:05 [INFO]: Incoming Request: GET /.well-known/appspecific/com.chrome.devtools.json
2025-08-13 08:42:26 [INFO]: Incoming Request: GET /user/signup
2025-08-13 08:42:26 [INFO]: Incoming Request: GET /.well-known/appspecific/com.chrome.devtools.json
2025-08-13 08:45:55 [INFO]: Incoming Request: GET /user/signup
2025-08-13 08:45:55 [INFO]: Incoming Request: GET /.well-known/appspecific/com.chrome.devtools.json
2025-08-13 08:46:00 [INFO]: Incoming Request: POST /user/create
2025-08-13 08:49:00 [INFO]: Incoming Request: GET /user/signup
2025-08-13 08:49:00 [INFO]: Incoming Request: GET /.well-known/appspecific/com.chrome.devtools.json
2025-08-13 08:49:05 [INFO]: Incoming Request: POST /user/create
2025-08-13 08:49:42 [INFO]: Incoming Request: GET /user/signup
2025-08-13 08:49:42 [INFO]: Incoming Request: GET /.well-known/appspecific/com.chrome.devtools.json
2025-08-13 08:49:53 [INFO]: Incoming Request: GET /user/signup
2025-08-13 08:49:53 [INFO]: Incoming Request: GET /.well-known/appspecific/com.chrome.devtools.json
2025-08-13 08:49:55 [INFO]: Incoming Request: POST /user/create
2025-08-13 08:50:48 [INFO]: Incoming Request: POST /user/create
2025-08-13 08:50:51 [INFO]: Incoming Request: GET /
2025-08-13 08:50:51 [INFO]: Incoming Request: GET /.well-known/appspecific/com.chrome.devtools.json
2025-08-13 08:56:20 [INFO]: Incoming Request: GET /user/login
2025-08-13 08:56:20 [INFO]: Incoming Request: GET /.well-known/appspecific/com.chrome.devtools.json
2025-08-13 08:56:23 [INFO]: Incoming Request: GET /user/signup
2025-08-13 08:56:23 [INFO]: Incoming Request: GET /.well-known/appspecific/com.chrome.devtools.json
2025-08-13 08:56:30 [INFO]: Incoming Request: POST /user/create
2025-08-13 09:03:06 [INFO]: Incoming Request: GET /.well-known/appspecific/com.chrome.devtools.json
2025-08-13 09:03:06 [INFO]: Incoming Request: GET /user/signup
2025-08-13 09:03:07 [INFO]: Incoming Request: GET /.well-known/appspecific/com.chrome.devtools.json
2025-08-13 09:03:10 [INFO]: Incoming Request: GET /
2025-08-13 09:03:10 [INFO]: Incoming Request: GET /.well-known/appspecific/com.chrome.devtools.json
2025-08-13 09:05:20 [INFO]: Incoming Request: GET /
2025-08-13 09:05:20 [INFO]: Incoming Request: GET /.well-known/appspecific/com.chrome.devtools.json
2025-08-13 09:05:26 [INFO]: Incoming Request: GET /
2025-08-13 09:07:09 [INFO]: Incoming Request: GET /
2025-08-13 09:07:11 [INFO]: Incoming Request: GET /
2025-08-13 09:07:13 [INFO]: Incoming Request: GET /
2025-08-13 09:07:13 [INFO]: Incoming Request: GET /
2025-08-13 09:07:13 [INFO]: Incoming Request: GET /
2025-08-13 09:07:13 [INFO]: Incoming Request: GET /
2025-08-13 09:07:13 [INFO]: Incoming Request: GET /
2025-08-13 09:07:25 [INFO]: Incoming Request: GET /
2025-08-13 09:07:25 [INFO]: Incoming Request: GET /
2025-08-13 09:07:26 [INFO]: Incoming Request: GET /
2025-08-13 09:07:26 [INFO]: Incoming Request: GET /
2025-08-13 09:07:26 [INFO]: Incoming Request: GET /
2025-08-13 09:07:29 [INFO]: Incoming Request: GET /
2025-08-13 09:07:29 [INFO]: Incoming Request: GET /
2025-08-13 09:07:29 [INFO]: Incoming Request: GET /
2025-08-13 09:07:29 [INFO]: Incoming Request: GET /
2025-08-13 09:07:29 [INFO]: Incoming Request: GET /
2025-08-13 09:07:30 [INFO]: Incoming Request: GET /
2025-08-13 09:07:30 [INFO]: Incoming Request: GET /
2025-08-13 09:07:31 [INFO]: Incoming Request: GET /
2025-08-13 09:07:33 [INFO]: Incoming Request: GET /user/logout
2025-08-13 09:08:09 [INFO]: Incoming Request: GET /
2025-08-13 09:08:09 [INFO]: Incoming Request: GET /
2025-08-13 09:08:09 [INFO]: Incoming Request: GET /
2025-08-13 09:08:09 [INFO]: Incoming Request: GET /
2025-08-13 09:08:11 [INFO]: Incoming Request: GET /
2025-08-13 09:08:13 [INFO]: Incoming Request: GET /.well-known/appspecific/com.chrome.devtools.json
2025-08-13 09:08:19 [INFO]: Incoming Request: GET /
2025-08-13 09:08:19 [INFO]: Incoming Request: GET /.well-known/appspecific/com.chrome.devtools.json
2025-08-13 09:09:04 [INFO]: Incoming Request: GET /
2025-08-13 09:09:04 [INFO]: Incoming Request: GET /.well-known/appspecific/com.chrome.devtools.json
2025-08-13 09:09:04 [INFO]: Incoming Request: GET /
2025-08-13 09:09:04 [INFO]: Incoming Request: GET /.well-known/appspecific/com.chrome.devtools.json
2025-08-13 09:09:05 [INFO]: Incoming Request: GET /
2025-08-13 09:09:05 [INFO]: Incoming Request: GET /.well-known/appspecific/com.chrome.devtools.json
2025-08-13 09:09:18 [INFO]: Incoming Request: GET /
2025-08-13 09:09:19 [INFO]: Incoming Request: GET /.well-known/appspecific/com.chrome.devtools.json
2025-08-13 09:09:47 [INFO]: Incoming Request: GET /
2025-08-13 09:09:47 [INFO]: Incoming Request: GET /.well-known/appspecific/com.chrome.devtools.json
2025-08-13 09:12:43 [INFO]: Incoming Request: GET /
2025-08-13 09:12:43 [INFO]: Incoming Request: GET /.well-known/appspecific/com.chrome.devtools.json
2025-08-13 09:12:43 [INFO]: Incoming Request: GET /
2025-08-13 09:12:44 [INFO]: Incoming Request: GET /.well-known/appspecific/com.chrome.devtools.json
2025-08-13 09:12:47 [INFO]: Incoming Request: GET /
2025-08-13 09:12:47 [INFO]: Incoming Request: GET /.well-known/appspecific/com.chrome.devtools.json
2025-08-13 09:12:59 [INFO]: Incoming Request: GET /user/login
2025-08-13 09:13:00 [INFO]: Incoming Request: GET /.well-known/appspecific/com.chrome.devtools.json
2025-08-13 09:13:02 [INFO]: Incoming Request: POST /user/login
2025-08-13 09:13:03 [INFO]: Incoming Request: GET /.well-known/appspecific/com.chrome.devtools.json
2025-08-13 09:13:06 [INFO]: Incoming Request: GET /user/login
2025-08-13 09:13:06 [INFO]: Incoming Request: GET /.well-known/appspecific/com.chrome.devtools.json
2025-08-13 09:13:07 [INFO]: Incoming Request: GET /.well-known/appspecific/com.chrome.devtools.json
2025-08-13 09:14:00 [INFO]: Incoming Request: GET /product/list/all
2025-08-13 09:14:00 [INFO]: Incoming Request: GET /.well-known/appspecific/com.chrome.devtools.json
2025-08-13 09:15:24 [INFO]: Incoming Request: GET /product/list/all
2025-08-13 09:15:24 [INFO]: Incoming Request: GET /.well-known/appspecific/com.chrome.devtools.json
2025-08-13 09:15:29 [INFO]: Incoming Request: GET /
2025-08-13 09:15:29 [INFO]: Incoming Request: GET /.well-known/appspecific/com.chrome.devtools.json
2025-08-13 09:15:29 [INFO]: Incoming Request: GET /javascript/comman.js
2025-08-13 09:15:30 [INFO]: Incoming Request: GET /
2025-08-13 09:15:30 [INFO]: Incoming Request: GET /.well-known/appspecific/com.chrome.devtools.json
2025-08-13 09:15:30 [INFO]: Incoming Request: GET /javascript/comman.js
2025-08-13 09:19:23 [INFO]: Incoming Request: GET /product/list/all
2025-08-13 09:19:23 [INFO]: Incoming Request: GET /.well-known/appspecific/com.chrome.devtools.json
2025-08-13 09:19:23 [INFO]: Incoming Request: GET /product/javascript/comman.js
2025-08-13 09:20:19 [INFO]: Incoming Request: GET /product/list/all
2025-08-13 09:20:19 [INFO]: Incoming Request: GET /.well-known/appspecific/com.chrome.devtools.json
2025-08-13 09:20:19 [INFO]: Incoming Request: GET /product/javascript/comman.js
2025-08-13 09:20:19 [INFO]: Incoming Request: GET /product/list/all
2025-08-13 09:20:19 [INFO]: Incoming Request: GET /.well-known/appspecific/com.chrome.devtools.json
2025-08-13 09:20:25 [INFO]: Incoming Request: GET /product/list/all
2025-08-13 09:20:25 [INFO]: Incoming Request: GET /.well-known/appspecific/com.chrome.devtools.json
2025-08-13 09:20:25 [INFO]: Incoming Request: GET /product/javascript/comman.js
2025-08-13 09:20:25 [INFO]: Incoming Request: GET /product/list/all
2025-08-13 09:20:25 [INFO]: Incoming Request: GET /.well-known/appspecific/com.chrome.devtools.json
2025-08-13 09:20:25 [INFO]: Incoming Request: GET /product/javascript/comman.js
2025-08-13 09:21:45 [INFO]: Incoming Request: GET /product/list/all
2025-08-13 09:21:45 [INFO]: Incoming Request: GET /product/list/all
2025-08-13 09:21:45 [INFO]: Incoming Request: GET /product/javascript/comman.js
2025-08-13 09:21:45 [INFO]: Incoming Request: GET /.well-known/appspecific/com.chrome.devtools.json
2025-08-13 09:21:45 [INFO]: Incoming Request: GET /product/javascript/comman.js
2025-08-13 09:21:45 [INFO]: Incoming Request: GET /.well-known/appspecific/com.chrome.devtools.json
2025-08-13 09:22:14 [INFO]: Incoming Request: GET /product/list/all
2025-08-13 09:22:14 [INFO]: Incoming Request: GET /.well-known/appspecific/com.chrome.devtools.json
2025-08-13 09:22:14 [INFO]: Incoming Request: GET /product/javascript/comman.js
2025-08-13 09:22:15 [INFO]: Incoming Request: GET /product/list/all
2025-08-13 09:22:15 [INFO]: Incoming Request: GET /.well-known/appspecific/com.chrome.devtools.json
2025-08-13 09:22:15 [INFO]: Incoming Request: GET /product/javascript/comman.js
2025-08-13 09:22:22 [INFO]: Incoming Request: GET /product/list/all
2025-08-13 09:22:22 [INFO]: Incoming Request: GET /.well-known/appspecific/com.chrome.devtools.json
2025-08-13 09:22:22 [INFO]: Incoming Request: GET /product/javascript/comman.js
2025-08-13 09:22:54 [INFO]: Incoming Request: GET /product/list/all
2025-08-13 09:22:54 [INFO]: Incoming Request: GET /product/javascript/comman.js
2025-08-13 09:22:54 [INFO]: Incoming Request: GET /.well-known/appspecific/com.chrome.devtools.json
2025-08-13 09:22:54 [INFO]: Incoming Request: GET /product/list/all
2025-08-13 09:22:54 [INFO]: Incoming Request: GET /product/javascript/comman.js
2025-08-13 09:22:54 [INFO]: Incoming Request: GET /.well-known/appspecific/com.chrome.devtools.json
2025-08-13 09:23:00 [INFO]: Incoming Request: GET /product/list/all
2025-08-13 09:23:01 [INFO]: Incoming Request: GET /.well-known/appspecific/com.chrome.devtools.json
2025-08-13 09:23:01 [INFO]: Incoming Request: GET /product/javascript/comman.js
2025-08-13 09:23:43 [INFO]: Incoming Request: GET /product/list/all
2025-08-13 09:23:43 [INFO]: Incoming Request: GET /.well-known/appspecific/com.chrome.devtools.json
2025-08-13 09:24:40 [INFO]: Incoming Request: GET /product/info/0f2cc60e-e149-4ad0-878c-d84143ff2ebe
2025-08-13 09:24:40 [INFO]: Incoming Request: GET /product/javascript/comman.js
2025-08-13 09:24:42 [INFO]: Incoming Request: GET /.well-known/appspecific/com.chrome.devtools.json
2025-08-13 09:25:09 [INFO]: Incoming Request: GET /product/info/0f2cc60e-e149-4ad0-878c-d84143ff2ebe
2025-08-13 09:25:09 [INFO]: Incoming Request: GET /.well-known/appspecific/com.chrome.devtools.json
2025-08-13 09:25:09 [INFO]: Incoming Request: GET /product/javascript/comman.js
2025-08-13 09:25:19 [INFO]: Incoming Request: GET /product/info/0f2cc60e-e149-4ad0-878c-d84143ff2ebe
2025-08-13 09:25:19 [INFO]: Incoming Request: GET /product/javascript/comman.js
2025-08-13 09:25:19 [INFO]: Incoming Request: GET /.well-known/appspecific/com.chrome.devtools.json
2025-08-13 09:25:19 [INFO]: Incoming Request: GET /product/info/0f2cc60e-e149-4ad0-878c-d84143ff2ebe
2025-08-13 09:25:19 [INFO]: Incoming Request: GET /product/info/0f2cc60e-e149-4ad0-878c-d84143ff2ebe
2025-08-13 09:25:19 [INFO]: Incoming Request: GET /.well-known/appspecific/com.chrome.devtools.json
2025-08-13 09:25:19 [INFO]: Incoming Request: GET /product/javascript/comman.js
2025-08-13 09:25:28 [INFO]: Incoming Request: GET /product/info/0f2cc60e-e149-4ad0-878c-d84143ff2ebe
2025-08-13 09:25:28 [INFO]: Incoming Request: GET /product/javascript/comman.js
2025-08-13 09:25:28 [INFO]: Incoming Request: GET /.well-known/appspecific/com.chrome.devtools.json
2025-08-13 09:25:28 [INFO]: Incoming Request: GET /product/info/0f2cc60e-e149-4ad0-878c-d84143ff2ebe
2025-08-13 09:25:29 [INFO]: Incoming Request: GET /.well-known/appspecific/com.chrome.devtools.json
2025-08-13 09:25:29 [INFO]: Incoming Request: GET /product/javascript/comman.js
2025-08-13 09:25:42 [INFO]: Incoming Request: GET /product/info/0f2cc60e-e149-4ad0-878c-d84143ff2ebe
2025-08-13 09:25:42 [INFO]: Incoming Request: GET /product/javascript/comman.js
2025-08-13 09:25:42 [INFO]: Incoming Request: GET /.well-known/appspecific/com.chrome.devtools.json
2025-08-13 09:25:42 [INFO]: Incoming Request: GET /product/info/0f2cc60e-e149-4ad0-878c-d84143ff2ebe
2025-08-13 09:25:43 [INFO]: Incoming Request: GET /.well-known/appspecific/com.chrome.devtools.json
2025-08-13 09:25:43 [INFO]: Incoming Request: GET /product/javascript/comman.js
2025-08-13 09:25:43 [INFO]: Incoming Request: GET /product/info/0f2cc60e-e149-4ad0-878c-d84143ff2ebe
2025-08-13 09:25:43 [INFO]: Incoming Request: GET /.well-known/appspecific/com.chrome.devtools.json
2025-08-13 09:25:43 [INFO]: Incoming Request: GET /product/javascript/comman.js
2025-08-13 09:26:00 [INFO]: Incoming Request: GET /product/info/0f2cc60e-e149-4ad0-878c-d84143ff2ebe
2025-08-13 09:26:00 [INFO]: Incoming Request: GET /.well-known/appspecific/com.chrome.devtools.json
2025-08-13 09:26:00 [INFO]: Incoming Request: GET /product/javascript/comman.js
2025-08-13 09:26:00 [INFO]: Incoming Request: GET /product/info/0f2cc60e-e149-4ad0-878c-d84143ff2ebe
2025-08-13 09:26:00 [INFO]: Incoming Request: GET /.well-known/appspecific/com.chrome.devtools.json
2025-08-13 09:26:00 [INFO]: Incoming Request: GET /product/javascript/comman.js
2025-08-13 09:26:38 [INFO]: Incoming Request: GET /product/info/0f2cc60e-e149-4ad0-878c-d84143ff2ebe
2025-08-13 09:26:38 [INFO]: Incoming Request: GET /.well-known/appspecific/com.chrome.devtools.json
2025-08-13 09:33:09 [INFO]: Incoming Request: GET /product/info/0f2cc60e-e149-4ad0-878c-d84143ff2ebe
2025-08-13 09:33:09 [INFO]: Incoming Request: GET /.well-known/appspecific/com.chrome.devtools.json
2025-08-13 09:33:18 [INFO]: Incoming Request: GET /
2025-08-13 09:33:18 [INFO]: Incoming Request: GET /javascript/comman.js
2025-08-13 09:33:19 [INFO]: Incoming Request: GET /user/login
2025-08-13 09:33:19 [INFO]: Incoming Request: GET /javascript/comman.js
2025-08-13 09:37:48 [INFO]: Incoming Request: GET /user/login
2025-08-13 09:37:48 [INFO]: Incoming Request: GET /javascript/comman.js
2025-08-13 09:37:51 [INFO]: Incoming Request: GET /.well-known/appspecific/com.chrome.devtools.json
2025-08-13 09:37:53 [INFO]: Incoming Request: POST /user/login
2025-08-13 09:38:14 [INFO]: Incoming Request: POST /user/login
2025-08-13 09:39:15 [INFO]: Incoming Request: GET /user/login
2025-08-13 09:39:15 [INFO]: Incoming Request: GET /.well-known/appspecific/com.chrome.devtools.json
2025-08-13 09:39:15 [INFO]: Incoming Request: GET /javascript/comman.js
2025-08-13 09:39:38 [INFO]: Incoming Request: GET /.well-known/appspecific/com.chrome.devtools.json
2025-08-13 09:39:40 [INFO]: Incoming Request: GET /.well-known/appspecific/com.chrome.devtools.json
2025-08-13 09:39:51 [INFO]: Incoming Request: GET /user/login
2025-08-13 09:39:51 [INFO]: Incoming Request: GET /javascript/comman.js
2025-08-13 09:39:51 [INFO]: Incoming Request: GET /.well-known/appspecific/com.chrome.devtools.json
2025-08-13 09:40:27 [INFO]: Incoming Request: GET /user/login
2025-08-13 09:40:28 [INFO]: Incoming Request: GET /.well-known/appspecific/com.chrome.devtools.json
2025-08-13 09:40:28 [INFO]: Incoming Request: GET /javascript/comman.js
2025-08-13 09:40:33 [INFO]: Incoming Request: GET /user/login
2025-08-13 09:40:33 [INFO]: Incoming Request: GET /.well-known/appspecific/com.chrome.devtools.json
2025-08-13 09:40:33 [INFO]: Incoming Request: GET /javascript/comman.js
2025-08-13 09:40:41 [INFO]: Incoming Request: GET /user/login
2025-08-13 09:40:41 [INFO]: Incoming Request: GET /.well-known/appspecific/com.chrome.devtools.json
2025-08-13 09:40:41 [INFO]: Incoming Request: GET /javascript/comman.js
2025-08-13 09:40:42 [INFO]: Incoming Request: GET /user/login
2025-08-13 09:40:42 [INFO]: Incoming Request: GET /.well-known/appspecific/com.chrome.devtools.json
2025-08-13 09:40:42 [INFO]: Incoming Request: GET /javascript/comman.js
2025-08-13 09:40:42 [INFO]: Incoming Request: GET /user/login
2025-08-13 09:40:42 [INFO]: Incoming Request: GET /.well-known/appspecific/com.chrome.devtools.json
2025-08-13 09:40:42 [INFO]: Incoming Request: GET /javascript/comman.js
2025-08-13 09:40:57 [INFO]: Incoming Request: GET /user/login
2025-08-13 09:40:57 [INFO]: Incoming Request: GET /.well-known/appspecific/com.chrome.devtools.json
2025-08-13 09:40:57 [INFO]: Incoming Request: GET /javascript/comman.js
2025-08-13 09:40:58 [INFO]: Incoming Request: GET /user/login
2025-08-13 09:40:58 [INFO]: Incoming Request: GET /.well-known/appspecific/com.chrome.devtools.json
2025-08-13 09:40:58 [INFO]: Incoming Request: GET /javascript/comman.js
2025-08-13 09:46:24 [INFO]: Incoming Request: GET /user/login
2025-08-13 09:46:24 [INFO]: Incoming Request: GET /javascript/comman.js
2025-08-13 09:46:24 [INFO]: Incoming Request: GET /.well-known/appspecific/com.chrome.devtools.json
2025-08-13 09:46:27 [INFO]: Incoming Request: GET /user/login
2025-08-13 09:46:27 [INFO]: Incoming Request: GET /javascript/comman.js
2025-08-13 09:46:27 [INFO]: Incoming Request: GET /.well-known/appspecific/com.chrome.devtools.json
2025-08-13 09:46:39 [INFO]: Incoming Request: GET /user/login
2025-08-13 09:46:39 [INFO]: Incoming Request: GET /.well-known/appspecific/com.chrome.devtools.json
2025-08-13 09:46:39 [INFO]: Incoming Request: GET /javascript/comman.js
2025-08-13 09:46:41 [INFO]: Incoming Request: GET /user/login
2025-08-13 09:46:41 [INFO]: Incoming Request: GET /.well-known/appspecific/com.chrome.devtools.json
2025-08-13 09:46:41 [INFO]: Incoming Request: GET /javascript/comman.js
2025-08-13 09:53:20 [INFO]: Incoming Request: GET /user/login
2025-08-13 09:53:20 [INFO]: Incoming Request: GET /javascript/comman.js
2025-08-13 09:53:20 [INFO]: Incoming Request: GET /.well-known/appspecific/com.chrome.devtools.json
2025-08-13 09:53:21 [INFO]: Incoming Request: GET /
2025-08-13 09:53:21 [INFO]: Incoming Request: GET /.well-known/appspecific/com.chrome.devtools.json
2025-08-13 09:53:21 [INFO]: Incoming Request: GET /javascript/comman.js
2025-08-13 09:53:21 [INFO]: Incoming Request: GET /
2025-08-13 09:53:21 [INFO]: Incoming Request: GET /.well-known/appspecific/com.chrome.devtools.json
2025-08-13 09:53:21 [INFO]: Incoming Request: GET /javascript/comman.js
2025-08-13 09:53:22 [INFO]: Incoming Request: GET /
2025-08-13 09:53:22 [INFO]: Incoming Request: GET /.well-known/appspecific/com.chrome.devtools.json
2025-08-13 09:53:22 [INFO]: Incoming Request: GET /javascript/comman.js
2025-08-13 09:53:22 [INFO]: Incoming Request: GET /
2025-08-13 09:53:22 [INFO]: Incoming Request: GET /.well-known/appspecific/com.chrome.devtools.json
2025-08-13 09:53:22 [INFO]: Incoming Request: GET /javascript/comman.js
2025-08-13 09:53:23 [INFO]: Incoming Request: GET /
2025-08-13 09:53:23 [INFO]: Incoming Request: GET /.well-known/appspecific/com.chrome.devtools.json
2025-08-13 09:53:23 [INFO]: Incoming Request: GET /javascript/comman.js
2025-08-13 09:53:24 [INFO]: Incoming Request: GET /
2025-08-13 09:53:24 [INFO]: Incoming Request: GET /.well-known/appspecific/com.chrome.devtools.json
2025-08-13 09:53:24 [INFO]: Incoming Request: GET /javascript/comman.js
2025-08-13 09:53:24 [INFO]: Incoming Request: GET /
2025-08-13 09:53:24 [INFO]: Incoming Request: GET /.well-known/appspecific/com.chrome.devtools.json
2025-08-13 09:53:24 [INFO]: Incoming Request: GET /javascript/comman.js
2025-08-13 09:53:25 [INFO]: Incoming Request: GET /
2025-08-13 09:53:25 [INFO]: Incoming Request: GET /.well-known/appspecific/com.chrome.devtools.json
2025-08-13 09:53:25 [INFO]: Incoming Request: GET /javascript/comman.js
2025-08-13 09:53:25 [INFO]: Incoming Request: GET /
2025-08-13 09:53:25 [INFO]: Incoming Request: GET /.well-known/appspecific/com.chrome.devtools.json
2025-08-13 09:53:25 [INFO]: Incoming Request: GET /javascript/comman.js
2025-08-13 09:53:26 [INFO]: Incoming Request: GET /
2025-08-13 09:53:26 [INFO]: Incoming Request: GET /.well-known/appspecific/com.chrome.devtools.json
2025-08-13 09:53:26 [INFO]: Incoming Request: GET /javascript/comman.js
2025-08-13 09:53:27 [INFO]: Incoming Request: GET /
2025-08-13 09:53:27 [INFO]: Incoming Request: GET /.well-known/appspecific/com.chrome.devtools.json
2025-08-13 09:53:27 [INFO]: Incoming Request: GET /javascript/comman.js
2025-08-13 09:53:27 [INFO]: Incoming Request: GET /
2025-08-13 09:53:27 [INFO]: Incoming Request: GET /.well-known/appspecific/com.chrome.devtools.json
2025-08-13 09:53:27 [INFO]: Incoming Request: GET /javascript/comman.js
2025-08-13 09:53:28 [INFO]: Incoming Request: GET /
2025-08-13 09:53:28 [INFO]: Incoming Request: GET /.well-known/appspecific/com.chrome.devtools.json
2025-08-13 09:53:28 [INFO]: Incoming Request: GET /javascript/comman.js
2025-08-13 09:53:28 [INFO]: Incoming Request: GET /
2025-08-13 09:53:28 [INFO]: Incoming Request: GET /.well-known/appspecific/com.chrome.devtools.json
2025-08-13 09:53:28 [INFO]: Incoming Request: GET /javascript/comman.js
2025-08-13 09:53:29 [INFO]: Incoming Request: GET /
2025-08-13 09:53:29 [INFO]: Incoming Request: GET /.well-known/appspecific/com.chrome.devtools.json
2025-08-13 09:53:29 [INFO]: Incoming Request: GET /javascript/comman.js
2025-08-13 09:53:30 [INFO]: Incoming Request: GET /
2025-08-13 09:53:30 [INFO]: Incoming Request: GET /.well-known/appspecific/com.chrome.devtools.json
2025-08-13 09:53:30 [INFO]: Incoming Request: GET /javascript/comman.js
2025-08-13 09:53:30 [INFO]: Incoming Request: GET /
2025-08-13 09:53:30 [INFO]: Incoming Request: GET /.well-known/appspecific/com.chrome.devtools.json
2025-08-13 09:53:30 [INFO]: Incoming Request: GET /javascript/comman.js
2025-08-13 09:53:31 [INFO]: Incoming Request: GET /
2025-08-13 09:53:32 [INFO]: Incoming Request: GET /.well-known/appspecific/com.chrome.devtools.json
2025-08-13 09:53:32 [INFO]: Incoming Request: GET /javascript/comman.js
2025-08-13 09:53:33 [INFO]: Incoming Request: GET /
2025-08-13 09:53:33 [INFO]: Incoming Request: GET /.well-known/appspecific/com.chrome.devtools.json
2025-08-13 09:53:33 [INFO]: Incoming Request: GET /javascript/comman.js
2025-08-13 09:53:34 [INFO]: Incoming Request: GET /
2025-08-13 09:53:34 [INFO]: Incoming Request: GET /.well-known/appspecific/com.chrome.devtools.json
2025-08-13 09:53:34 [INFO]: Incoming Request: GET /javascript/comman.js
2025-08-13 09:53:34 [INFO]: Incoming Request: GET /
2025-08-13 09:53:34 [INFO]: Incoming Request: GET /.well-known/appspecific/com.chrome.devtools.json
2025-08-13 09:53:34 [INFO]: Incoming Request: GET /javascript/comman.js
2025-08-13 09:53:35 [INFO]: Incoming Request: GET /
2025-08-13 09:53:36 [INFO]: Incoming Request: GET /.well-known/appspecific/com.chrome.devtools.json
2025-08-13 09:53:36 [INFO]: Incoming Request: GET /javascript/comman.js
2025-08-13 09:53:37 [INFO]: Incoming Request: GET /
2025-08-13 09:53:37 [INFO]: Incoming Request: GET /.well-known/appspecific/com.chrome.devtools.json
2025-08-13 09:53:37 [INFO]: Incoming Request: GET /javascript/comman.js
2025-08-13 09:53:38 [INFO]: Incoming Request: GET /
2025-08-13 09:53:38 [INFO]: Incoming Request: GET /.well-known/appspecific/com.chrome.devtools.json
2025-08-13 09:53:38 [INFO]: Incoming Request: GET /javascript/comman.js
2025-08-13 09:53:39 [INFO]: Incoming Request: GET /
2025-08-13 09:53:39 [INFO]: Incoming Request: GET /.well-known/appspecific/com.chrome.devtools.json
2025-08-13 09:53:39 [INFO]: Incoming Request: GET /javascript/comman.js
2025-08-13 09:53:40 [INFO]: Incoming Request: GET /
2025-08-13 09:53:40 [INFO]: Incoming Request: GET /.well-known/appspecific/com.chrome.devtools.json
2025-08-13 09:53:40 [INFO]: Incoming Request: GET /javascript/comman.js
2025-08-13 09:53:41 [INFO]: Incoming Request: GET /
2025-08-13 09:53:41 [INFO]: Incoming Request: GET /javascript/comman.js
2025-08-13 09:53:41 [INFO]: Incoming Request: GET /.well-known/appspecific/com.chrome.devtools.json
2025-08-13 09:53:43 [INFO]: Incoming Request: GET /
2025-08-13 09:53:43 [INFO]: Incoming Request: GET /javascript/comman.js
2025-08-13 09:53:43 [INFO]: Incoming Request: GET /.well-known/appspecific/com.chrome.devtools.json
2025-08-13 09:59:17 [INFO]: Incoming Request: GET /
2025-08-13 09:59:17 [INFO]: Incoming Request: GET /javascript/comman.js
2025-08-13 09:59:17 [INFO]: Incoming Request: GET /.well-known/appspecific/com.chrome.devtools.json
2025-08-13 09:59:57 [INFO]: Incoming Request: GET /user/signup
2025-08-13 09:59:57 [INFO]: Incoming Request: GET /.well-known/appspecific/com.chrome.devtools.json
2025-08-13 09:59:57 [INFO]: Incoming Request: GET /javascript/comman.js
2025-08-13 09:59:58 [INFO]: Incoming Request: GET /
2025-08-13 09:59:58 [INFO]: Incoming Request: GET /.well-known/appspecific/com.chrome.devtools.json
2025-08-13 09:59:58 [INFO]: Incoming Request: GET /javascript/comman.js
2025-08-13 10:08:22 [INFO]: Incoming Request: GET /
2025-08-13 10:08:22 [INFO]: Incoming Request: GET /.well-known/appspecific/com.chrome.devtools.json
2025-08-13 10:08:22 [INFO]: Incoming Request: GET /javascript/comman.js
2025-08-13 10:08:29 [INFO]: Incoming Request: GET /
2025-08-13 10:08:29 [INFO]: Incoming Request: GET /.well-known/appspecific/com.chrome.devtools.json
2025-08-13 10:08:29 [INFO]: Incoming Request: GET /javascript/comman.js
2025-08-13 10:08:31 [INFO]: Incoming Request: GET /user/login
2025-08-13 10:08:31 [INFO]: Incoming Request: GET /.well-known/appspecific/com.chrome.devtools.json
2025-08-13 10:08:31 [INFO]: Incoming Request: GET /javascript/comman.js
2025-08-13 10:08:33 [INFO]: Incoming Request: POST /user/login
2025-08-13 10:08:43 [INFO]: Incoming Request: GET /user/login
2025-08-13 10:08:43 [INFO]: Incoming Request: GET /.well-known/appspecific/com.chrome.devtools.json
2025-08-13 10:08:43 [INFO]: Incoming Request: GET /javascript/comman.js
2025-08-13 10:08:44 [INFO]: Incoming Request: GET /
2025-08-13 10:08:44 [INFO]: Incoming Request: GET /.well-known/appspecific/com.chrome.devtools.json
2025-08-13 10:08:44 [INFO]: Incoming Request: GET /javascript/comman.js
2025-08-13 10:08:56 [INFO]: Incoming Request: GET /
2025-08-13 10:08:56 [INFO]: Incoming Request: GET /.well-known/appspecific/com.chrome.devtools.json
2025-08-13 10:08:56 [INFO]: Incoming Request: GET /javascript/comman.js
2025-08-13 10:09:21 [INFO]: Incoming Request: GET /
2025-08-13 10:09:21 [INFO]: Incoming Request: GET /.well-known/appspecific/com.chrome.devtools.json
2025-08-13 10:09:21 [INFO]: Incoming Request: GET /javascript/comman.js
2025-08-13 10:09:25 [INFO]: Incoming Request: GET /user/login
2025-08-13 10:09:25 [INFO]: Incoming Request: GET /.well-known/appspecific/com.chrome.devtools.json
2025-08-13 10:09:25 [INFO]: Incoming Request: GET /javascript/comman.js
2025-08-13 10:09:27 [INFO]: Incoming Request: POST /user/login
2025-08-13 10:09:29 [INFO]: Incoming Request: GET /
2025-08-13 10:09:29 [INFO]: Incoming Request: GET /.well-known/appspecific/com.chrome.devtools.json
2025-08-13 10:09:29 [INFO]: Incoming Request: GET /javascript/comman.js
2025-08-13 10:09:40 [INFO]: Incoming Request: GET /product/list/all?search=this
2025-08-13 10:09:40 [INFO]: Incoming Request: GET /.well-known/appspecific/com.chrome.devtools.json
2025-08-13 10:09:42 [INFO]: Incoming Request: GET /.well-known/appspecific/com.chrome.devtools.json
2025-08-13 10:10:03 [INFO]: Incoming Request: GET /
2025-08-13 10:10:03 [INFO]: Incoming Request: GET /.well-known/appspecific/com.chrome.devtools.json
2025-08-13 10:10:03 [INFO]: Incoming Request: GET /javascript/comman.js
2025-08-13 10:10:04 [INFO]: Incoming Request: GET /user/login
2025-08-13 10:10:04 [INFO]: Incoming Request: GET /.well-known/appspecific/com.chrome.devtools.json
2025-08-13 10:10:07 [INFO]: Incoming Request: POST /user/login
2025-08-13 10:10:09 [INFO]: Incoming Request: GET /
2025-08-13 10:10:09 [INFO]: Incoming Request: GET /.well-known/appspecific/com.chrome.devtools.json
2025-08-13 10:10:09 [INFO]: Incoming Request: GET /javascript/comman.js
2025-08-13 10:48:12 [INFO]: Incoming Request: GET /product/list/all
2025-08-13 10:48:12 [INFO]: Incoming Request: GET /.well-known/appspecific/com.chrome.devtools.json
2025-08-13 10:49:23 [INFO]: Incoming Request: GET /product/info/19928381-30f2-4a3a-b24e-8f1decce27bb
2025-08-13 10:49:23 [INFO]: Incoming Request: GET /.well-known/appspecific/com.chrome.devtools.json
2025-08-13 10:57:14 [INFO]: Incoming Request: GET /product/info/19928381-30f2-4a3a-b24e-8f1decce27bb
2025-08-13 10:57:14 [INFO]: Incoming Request: GET /.well-known/appspecific/com.chrome.devtools.json
2025-08-13 10:57:21 [INFO]: Incoming Request: POST /product/ratings
2025-08-13 10:57:57 [INFO]: Incoming Request: GET /product/info/19928381-30f2-4a3a-b24e-8f1decce27bb
2025-08-13 10:57:57 [INFO]: Incoming Request: GET /.well-known/appspecific/com.chrome.devtools.json
2025-08-13 10:58:11 [INFO]: Incoming Request: POST /product/ratings
2025-08-13 10:59:59 [INFO]: Incoming Request: GET /product/info/19928381-30f2-4a3a-b24e-8f1decce27bb
2025-08-13 10:59:59 [INFO]: Incoming Request: GET /.well-known/appspecific/com.chrome.devtools.json
2025-08-13 11:00:32 [INFO]: Incoming Request: GET /product/info/19928381-30f2-4a3a-b24e-8f1decce27bb
2025-08-13 11:00:32 [INFO]: Incoming Request: GET /.well-known/appspecific/com.chrome.devtools.json
2025-08-13 11:00:37 [INFO]: Incoming Request: POST /product/ratings
2025-08-13 11:00:53 [INFO]: Incoming Request: GET /product/info/19928381-30f2-4a3a-b24e-8f1decce27bb
2025-08-13 11:00:53 [INFO]: Incoming Request: GET /product/info/19928381-30f2-4a3a-b24e-8f1decce27bb
2025-08-13 11:00:53 [INFO]: Incoming Request: GET /.well-known/appspecific/com.chrome.devtools.json
2025-08-13 11:00:56 [INFO]: Incoming Request: POST /product/ratings
2025-08-13 11:00:58 [INFO]: Incoming Request: GET /product/info/19928381-30f2-4a3a-b24e-8f1decce27bb
2025-08-13 11:00:58 [INFO]: Incoming Request: GET /.well-known/appspecific/com.chrome.devtools.json
2025-08-13 11:08:17 [INFO]: Incoming Request: GET /product/info/19928381-30f2-4a3a-b24e-8f1decce27bb
2025-08-13 11:08:17 [INFO]: Incoming Request: GET /.well-known/appspecific/com.chrome.devtools.json
2025-08-13 11:08:36 [INFO]: Incoming Request: GET /product/info/19928381-30f2-4a3a-b24e-8f1decce27bb
2025-08-13 11:08:36 [INFO]: Incoming Request: GET /.well-known/appspecific/com.chrome.devtools.json
2025-08-13 11:08:39 [INFO]: Incoming Request: GET /product/info/19928381-30f2-4a3a-b24e-8f1decce27bb
2025-08-13 11:08:39 [INFO]: Incoming Request: GET /.well-known/appspecific/com.chrome.devtools.json
2025-08-13 11:08:49 [INFO]: Incoming Request: POST /product/ratings
2025-08-13 11:08:52 [INFO]: Incoming Request: GET /product/info/19928381-30f2-4a3a-b24e-8f1decce27bb
2025-08-13 11:08:52 [INFO]: Incoming Request: GET /.well-known/appspecific/com.chrome.devtools.json
2025-08-13 11:09:21 [INFO]: Incoming Request: POST /product/ratings
2025-08-13 11:09:23 [INFO]: Incoming Request: GET /product/info/19928381-30f2-4a3a-b24e-8f1decce27bb
2025-08-13 11:09:23 [INFO]: Incoming Request: GET /.well-known/appspecific/com.chrome.devtools.json
2025-08-13 11:12:00 [INFO]: Incoming Request: POST /product/ratings
2025-08-13 11:12:05 [INFO]: Incoming Request: GET /product/info/19928381-30f2-4a3a-b24e-8f1decce27bb
2025-08-13 11:12:06 [INFO]: Incoming Request: GET /.well-known/appspecific/com.chrome.devtools.json
2025-08-13 11:13:42 [INFO]: Incoming Request: GET /.well-known/appspecific/com.chrome.devtools.json
2025-08-13 11:13:44 [INFO]: Incoming Request: GET /product/info/0f2cc60e-e149-4ad0-878c-d84143ff2ebe
2025-08-13 11:13:44 [INFO]: Incoming Request: GET /.well-known/appspecific/com.chrome.devtools.json
2025-08-13 11:13:52 [INFO]: Incoming Request: POST /product/ratings
2025-08-13 11:13:53 [INFO]: Incoming Request: GET /product/info/0f2cc60e-e149-4ad0-878c-d84143ff2ebe
2025-08-13 11:13:54 [INFO]: Incoming Request: GET /.well-known/appspecific/com.chrome.devtools.json
2025-08-13 11:14:01 [INFO]: Incoming Request: POST /product/ratings
2025-08-13 11:14:02 [INFO]: Incoming Request: GET /product/info/0f2cc60e-e149-4ad0-878c-d84143ff2ebe
2025-08-13 11:14:02 [INFO]: Incoming Request: GET /.well-known/appspecific/com.chrome.devtools.json
2025-08-13 11:20:38 [INFO]: Incoming Request: GET /.well-known/appspecific/com.chrome.devtools.json
2025-08-13 11:54:43 [INFO]: Incoming Request: GET /product/list/all
2025-08-13 11:54:59 [INFO]: Incoming Request: GET /product/list/all
2025-08-13 11:55:00 [INFO]: Incoming Request: GET /product/list/all
2025-08-13 12:09:18 [INFO]: Incoming Request: GET /product/list/all
2025-08-13 12:09:19 [INFO]: Incoming Request: GET /product/javascript/comman.js
2025-08-13 12:09:22 [INFO]: Incoming Request: GET /.well-known/appspecific/com.chrome.devtools.json
2025-08-13 12:10:08 [INFO]: Incoming Request: GET /product/list/all
2025-08-13 12:10:08 [INFO]: Incoming Request: GET /product/javascript/addtocart.js
2025-08-13 12:10:08 [INFO]: Incoming Request: GET /.well-known/appspecific/com.chrome.devtools.json
2025-08-13 12:10:09 [INFO]: Incoming Request: GET /product/info/19928381-30f2-4a3a-b24e-8f1decce27bb
2025-08-13 12:10:09 [INFO]: Incoming Request: GET /.well-known/appspecific/com.chrome.devtools.json
2025-08-13 12:10:10 [INFO]: Incoming Request: GET /.well-known/appspecific/com.chrome.devtools.json
2025-08-13 12:10:24 [INFO]: Incoming Request: GET /product/list/all
2025-08-13 12:10:24 [INFO]: Incoming Request: GET /product/javascript/addtocart.js
2025-08-13 12:10:24 [INFO]: Incoming Request: GET /.well-known/appspecific/com.chrome.devtools.json
2025-08-13 12:10:24 [INFO]: Incoming Request: GET /product/list/all
2025-08-13 12:10:24 [INFO]: Incoming Request: GET /product/javascript/addtocart.js
2025-08-13 12:10:24 [INFO]: Incoming Request: GET /.well-known/appspecific/com.chrome.devtools.json
2025-08-13 12:11:14 [INFO]: Incoming Request: GET /product/list/all
2025-08-13 12:11:14 [INFO]: Incoming Request: GET /.well-known/appspecific/com.chrome.devtools.json
2025-08-13 12:13:04 [INFO]: Incoming Request: GET /product/list/all
2025-08-13 12:13:05 [INFO]: Incoming Request: GET /.well-known/appspecific/com.chrome.devtools.json
2025-08-13 12:14:20 [INFO]: Incoming Request: GET /product/list/all
2025-08-13 12:14:20 [INFO]: Incoming Request: GET /.well-known/appspecific/com.chrome.devtools.json
2025-08-13 12:14:46 [INFO]: Incoming Request: GET /product/list/all
2025-08-13 12:14:46 [INFO]: Incoming Request: GET /.well-known/appspecific/com.chrome.devtools.json
2025-08-13 12:15:47 [INFO]: Incoming Request: GET /product/list/all
2025-08-13 12:15:47 [INFO]: Incoming Request: GET /.well-known/appspecific/com.chrome.devtools.json
2025-08-13 12:16:04 [INFO]: Incoming Request: GET /product/list/all
2025-08-13 12:16:05 [INFO]: Incoming Request: GET /.well-known/appspecific/com.chrome.devtools.json
2025-08-13 12:16:05 [INFO]: Incoming Request: GET /product/list/all
2025-08-13 12:16:05 [INFO]: Incoming Request: GET /.well-known/appspecific/com.chrome.devtools.json
2025-08-13 12:16:05 [INFO]: Incoming Request: GET /product/list/all
2025-08-13 12:16:05 [INFO]: Incoming Request: GET /product/list/all
2025-08-13 12:16:05 [INFO]: Incoming Request: GET /.well-known/appspecific/com.chrome.devtools.json
2025-08-13 12:16:05 [INFO]: Incoming Request: GET /.well-known/appspecific/com.chrome.devtools.json
2025-08-13 12:16:05 [INFO]: Incoming Request: GET /product/list/all
2025-08-13 12:16:05 [INFO]: Incoming Request: GET /.well-known/appspecific/com.chrome.devtools.json
2025-08-13 12:16:05 [INFO]: Incoming Request: GET /product/list/all
2025-08-13 12:16:05 [INFO]: Incoming Request: GET /.well-known/appspecific/com.chrome.devtools.json
2025-08-13 12:16:21 [INFO]: Incoming Request: GET /product/list/all
2025-08-13 12:16:21 [INFO]: Incoming Request: GET /.well-known/appspecific/com.chrome.devtools.json
2025-08-13 12:16:57 [INFO]: Incoming Request: GET /product/list/all
2025-08-13 12:16:57 [INFO]: Incoming Request: GET /.well-known/appspecific/com.chrome.devtools.json
2025-08-13 12:17:28 [INFO]: Incoming Request: GET /product/list/all
2025-08-13 12:17:28 [INFO]: Incoming Request: GET /.well-known/appspecific/com.chrome.devtools.json
2025-08-13 12:17:39 [INFO]: Incoming Request: GET /product/list/all
2025-08-13 12:17:39 [INFO]: Incoming Request: GET /.well-known/appspecific/com.chrome.devtools.json
2025-08-13 12:18:01 [INFO]: Incoming Request: GET /product/list/all
2025-08-13 12:18:01 [INFO]: Incoming Request: GET /.well-known/appspecific/com.chrome.devtools.json
2025-08-13 12:18:08 [INFO]: Incoming Request: GET /product/list/all
2025-08-13 12:18:08 [INFO]: Incoming Request: GET /.well-known/appspecific/com.chrome.devtools.json
2025-08-13 12:18:08 [INFO]: Incoming Request: GET /product/list/all
2025-08-13 12:18:08 [INFO]: Incoming Request: GET /.well-known/appspecific/com.chrome.devtools.json
2025-08-13 12:18:09 [INFO]: Incoming Request: GET /product/list/all
2025-08-13 12:18:09 [INFO]: Incoming Request: GET /.well-known/appspecific/com.chrome.devtools.json
2025-08-13 12:18:14 [INFO]: Incoming Request: POST /product/add/cart
2025-08-13 12:18:23 [INFO]: Incoming Request: POST /product/add/cart
2025-08-13 12:22:21 [INFO]: Incoming Request: GET /product/list/all
2025-08-13 12:22:21 [INFO]: Incoming Request: GET /product/list/all
2025-08-13 12:22:22 [INFO]: Incoming Request: GET /.well-known/appspecific/com.chrome.devtools.json
2025-08-13 12:22:28 [INFO]: Incoming Request: GET /product/list/all
2025-08-13 12:22:28 [INFO]: Incoming Request: GET /.well-known/appspecific/com.chrome.devtools.json
2025-08-13 12:22:28 [INFO]: Incoming Request: GET /product/list/all
2025-08-13 12:22:28 [INFO]: Incoming Request: GET /.well-known/appspecific/com.chrome.devtools.json
2025-08-13 12:22:33 [INFO]: Incoming Request: GET /product/list/all
2025-08-13 12:22:33 [INFO]: Incoming Request: GET /.well-known/appspecific/com.chrome.devtools.json
2025-08-13 12:22:33 [INFO]: Incoming Request: GET /product/list/all
2025-08-13 12:22:34 [INFO]: Incoming Request: GET /.well-known/appspecific/com.chrome.devtools.json
2025-08-13 12:22:34 [INFO]: Incoming Request: GET /product/list/all
2025-08-13 12:22:34 [INFO]: Incoming Request: GET /.well-known/appspecific/com.chrome.devtools.json
2025-08-13 12:22:45 [INFO]: Incoming Request: POST /product/add/cart
2025-08-13 12:25:03 [INFO]: Incoming Request: GET /product/info/39e9241f-76cf-4d81-8bd1-85b5846bf8f6
2025-08-13 12:25:03 [INFO]: Incoming Request: GET /.well-known/appspecific/com.chrome.devtools.json
2025-08-13 12:25:04 [INFO]: Incoming Request: GET /product/info/39e9241f-76cf-4d81-8bd1-85b5846bf8f6
2025-08-13 12:25:04 [INFO]: Incoming Request: GET /.well-known/appspecific/com.chrome.devtools.json
2025-08-13 12:25:35 [INFO]: Incoming Request: GET /product/info/39e9241f-76cf-4d81-8bd1-85b5846bf8f6
2025-08-13 12:25:35 [INFO]: Incoming Request: GET /.well-known/appspecific/com.chrome.devtools.json
2025-08-13 12:25:36 [INFO]: Incoming Request: POST /product/add/cart
2025-08-13 12:25:58 [INFO]: Incoming Request: GET /product/info/39e9241f-76cf-4d81-8bd1-85b5846bf8f6
2025-08-13 12:25:58 [INFO]: Incoming Request: GET /.well-known/appspecific/com.chrome.devtools.json
2025-08-13 12:26:00 [INFO]: Incoming Request: POST /product/add/cart
2025-08-13 12:31:09 [INFO]: Incoming Request: GET /.well-known/appspecific/com.chrome.devtools.json
2025-08-13 12:31:13 [INFO]: Incoming Request: GET /product/info/39e9241f-76cf-4d81-8bd1-85b5846bf8f6
2025-08-13 12:31:13 [INFO]: Incoming Request: GET /.well-known/appspecific/com.chrome.devtools.json
2025-08-13 12:31:16 [INFO]: Incoming Request: GET /
2025-08-13 12:31:16 [INFO]: Incoming Request: GET /.well-known/appspecific/com.chrome.devtools.json
2025-08-13 12:31:16 [INFO]: Incoming Request: GET /javascript/comman.js
2025-08-13 12:31:53 [INFO]: Incoming Request: GET /
2025-08-13 12:31:53 [INFO]: Incoming Request: GET /javascript/comman.js
2025-08-13 12:31:54 [INFO]: Incoming Request: GET /javascript/comman.js
2025-08-13 12:32:39 [INFO]: Incoming Request: GET /
2025-08-13 12:32:39 [INFO]: Incoming Request: GET /.well-known/appspecific/com.chrome.devtools.json
2025-08-13 12:32:39 [INFO]: Incoming Request: GET /javascript/comman.js
2025-08-13 12:32:43 [INFO]: Incoming Request: GET /cart/data
2025-08-13 12:32:49 [INFO]: Incoming Request: GET /
2025-08-13 12:32:49 [INFO]: Incoming Request: GET /.well-known/appspecific/com.chrome.devtools.json
2025-08-13 12:32:49 [INFO]: Incoming Request: GET /javascript/comman.js
2025-08-13 12:32:55 [INFO]: Incoming Request: GET /cart/data
2025-08-13 12:32:57 [INFO]: Incoming Request: GET /
2025-08-13 12:32:57 [INFO]: Incoming Request: GET /.well-known/appspecific/com.chrome.devtools.json
2025-08-13 12:32:57 [INFO]: Incoming Request: GET /javascript/comman.js
2025-08-13 12:32:58 [INFO]: Incoming Request: GET /product/cart/data
2025-08-13 12:33:23 [INFO]: Incoming Request: GET /
2025-08-13 12:33:23 [INFO]: Incoming Request: GET /javascript/comman.js
2025-08-13 12:33:23 [INFO]: Incoming Request: GET /.well-known/appspecific/com.chrome.devtools.json
2025-08-13 12:33:25 [INFO]: Incoming Request: GET /product/cart/data
2025-08-13 12:34:11 [INFO]: Incoming Request: GET /
2025-08-13 12:34:12 [INFO]: Incoming Request: GET /javascript/comman.js
2025-08-13 12:34:12 [INFO]: Incoming Request: GET /.well-known/appspecific/com.chrome.devtools.json
2025-08-13 12:34:12 [INFO]: Incoming Request: GET /
2025-08-13 12:34:12 [INFO]: Incoming Request: GET /.well-known/appspecific/com.chrome.devtools.json
2025-08-13 12:34:12 [INFO]: Incoming Request: GET /javascript/comman.js
2025-08-13 12:34:14 [INFO]: Incoming Request: GET /product/cart/data
2025-08-13 12:35:47 [INFO]: Incoming Request: GET /
2025-08-13 12:35:47 [INFO]: Incoming Request: GET /.well-known/appspecific/com.chrome.devtools.json
2025-08-13 12:35:48 [INFO]: Incoming Request: GET /javascript/comman.js
2025-08-13 12:35:52 [INFO]: Incoming Request: GET /
2025-08-13 12:35:52 [INFO]: Incoming Request: GET /product/cart/data
2025-08-13 12:35:53 [INFO]: Incoming Request: GET /javascript/comman.js
2025-08-13 12:35:53 [INFO]: Incoming Request: GET /.well-known/appspecific/com.chrome.devtools.json
2025-08-13 12:35:54 [INFO]: Incoming Request: GET /product/cart/data
2025-08-13 12:36:10 [INFO]: Incoming Request: GET /
2025-08-13 12:36:10 [INFO]: Incoming Request: GET /.well-known/appspecific/com.chrome.devtools.json
2025-08-13 12:36:10 [INFO]: Incoming Request: GET /javascript/comman.js
2025-08-13 12:36:10 [INFO]: Incoming Request: GET /
2025-08-13 12:36:10 [INFO]: Incoming Request: GET /.well-known/appspecific/com.chrome.devtools.json
2025-08-13 12:36:10 [INFO]: Incoming Request: GET /javascript/comman.js
2025-08-13 12:36:10 [INFO]: Incoming Request: GET /
2025-08-13 12:36:10 [INFO]: Incoming Request: GET /.well-known/appspecific/com.chrome.devtools.json
2025-08-13 12:36:10 [INFO]: Incoming Request: GET /javascript/comman.js
2025-08-13 12:36:11 [INFO]: Incoming Request: GET /
2025-08-13 12:36:11 [INFO]: Incoming Request: GET /javascript/comman.js
2025-08-13 12:36:12 [INFO]: Incoming Request: GET /.well-known/appspecific/com.chrome.devtools.json
2025-08-13 12:36:13 [INFO]: Incoming Request: GET /product/cart/data
2025-08-13 12:36:26 [INFO]: Incoming Request: GET /
2025-08-13 12:36:27 [INFO]: Incoming Request: GET /javascript/comman.js
2025-08-13 12:36:27 [INFO]: Incoming Request: GET /.well-known/appspecific/com.chrome.devtools.json
2025-08-13 12:36:28 [INFO]: Incoming Request: GET /
2025-08-13 12:36:29 [INFO]: Incoming Request: GET /.well-known/appspecific/com.chrome.devtools.json
2025-08-13 12:36:29 [INFO]: Incoming Request: GET /javascript/comman.js
2025-08-13 12:36:29 [INFO]: Incoming Request: GET /product/cart/data
2025-08-13 12:36:31 [INFO]: Incoming Request: GET /product/cart/data
2025-08-13 12:41:34 [INFO]: Incoming Request: GET /
2025-08-13 12:41:34 [INFO]: Incoming Request: GET /.well-known/appspecific/com.chrome.devtools.json
2025-08-13 12:41:34 [INFO]: Incoming Request: GET /javascript/comman.js
2025-08-13 12:41:37 [INFO]: Incoming Request: GET /product/cart/data
2025-08-13 12:41:54 [INFO]: Incoming Request: GET /
2025-08-13 12:41:54 [INFO]: Incoming Request: GET /.well-known/appspecific/com.chrome.devtools.json
2025-08-13 12:41:54 [INFO]: Incoming Request: GET /javascript/comman.js
2025-08-13 12:41:57 [INFO]: Incoming Request: GET /product/cart/data
2025-08-13 12:42:11 [INFO]: Incoming Request: GET /
2025-08-13 12:42:11 [INFO]: Incoming Request: GET /.well-known/appspecific/com.chrome.devtools.json
2025-08-13 12:42:11 [INFO]: Incoming Request: GET /javascript/comman.js
2025-08-13 12:42:12 [INFO]: Incoming Request: GET /
2025-08-13 12:42:12 [INFO]: Incoming Request: GET /.well-known/appspecific/com.chrome.devtools.json
2025-08-13 12:42:12 [INFO]: Incoming Request: GET /javascript/comman.js
2025-08-13 12:42:13 [INFO]: Incoming Request: GET /product/cart/data
2025-08-13 12:55:56 [INFO]: Incoming Request: GET /product/cart/data
2025-08-13 12:57:51 [INFO]: Incoming Request: GET /
2025-08-13 12:57:52 [INFO]: Incoming Request: GET /.well-known/appspecific/com.chrome.devtools.json
2025-08-13 12:57:52 [INFO]: Incoming Request: GET /javascript/comman.js
2025-08-13 12:57:53 [INFO]: Incoming Request: GET /product/cart/data
2025-08-13 12:58:54 [INFO]: Incoming Request: GET /
2025-08-13 12:58:54 [INFO]: Incoming Request: GET /javascript/comman.js
2025-08-13 12:58:54 [INFO]: Incoming Request: GET /.well-known/appspecific/com.chrome.devtools.json
2025-08-13 12:58:54 [INFO]: Incoming Request: GET /
2025-08-13 12:58:54 [INFO]: Incoming Request: GET /.well-known/appspecific/com.chrome.devtools.json
2025-08-13 12:58:54 [INFO]: Incoming Request: GET /javascript/comman.js
2025-08-13 12:58:55 [INFO]: Incoming Request: GET /product/cart/data
2025-08-13 13:00:33 [INFO]: Incoming Request: GET /
2025-08-13 13:00:33 [INFO]: Incoming Request: GET /javascript/comman.js
2025-08-13 13:00:33 [INFO]: Incoming Request: GET /.well-known/appspecific/com.chrome.devtools.json
2025-08-13 13:00:34 [INFO]: Incoming Request: GET /product/cart/data
2025-08-13 13:01:43 [INFO]: Incoming Request: GET /
2025-08-13 13:01:43 [INFO]: Incoming Request: GET /.well-known/appspecific/com.chrome.devtools.json
2025-08-13 13:01:43 [INFO]: Incoming Request: GET /javascript/comman.js
2025-08-13 13:01:46 [INFO]: Incoming Request: GET /product/cart/data
2025-08-13 13:03:19 [INFO]: Incoming Request: GET /
2025-08-13 13:03:19 [INFO]: Incoming Request: GET /.well-known/appspecific/com.chrome.devtools.json
2025-08-13 13:03:19 [INFO]: Incoming Request: GET /javascript/comman.js
2025-08-13 13:03:21 [INFO]: Incoming Request: GET /product/cart/data
2025-08-13 13:05:51 [INFO]: Incoming Request: GET /
2025-08-13 13:05:51 [INFO]: Incoming Request: GET /.well-known/appspecific/com.chrome.devtools.json
2025-08-13 13:05:51 [INFO]: Incoming Request: GET /javascript/comman.js
2025-08-13 13:05:53 [INFO]: Incoming Request: GET /product/cart/data
2025-08-13 13:10:02 [INFO]: Incoming Request: GET /
2025-08-13 13:10:02 [INFO]: Incoming Request: GET /javascript/comman.js
2025-08-13 13:10:02 [INFO]: Incoming Request: GET /.well-known/appspecific/com.chrome.devtools.json
2025-08-13 13:10:02 [INFO]: Incoming Request: GET /
2025-08-13 13:10:03 [INFO]: Incoming Request: GET /javascript/comman.js
2025-08-13 13:10:03 [INFO]: Incoming Request: GET /.well-known/appspecific/com.chrome.devtools.json
2025-08-13 13:10:04 [INFO]: Incoming Request: GET /product/cart/data
2025-08-13 13:10:19 [INFO]: Incoming Request: GET /
2025-08-13 13:10:19 [INFO]: Incoming Request: GET /.well-known/appspecific/com.chrome.devtools.json
2025-08-13 13:10:19 [INFO]: Incoming Request: GET /javascript/comman.js
2025-08-13 13:10:19 [INFO]: Incoming Request: GET /
2025-08-13 13:10:19 [INFO]: Incoming Request: GET /.well-known/appspecific/com.chrome.devtools.json
2025-08-13 13:10:19 [INFO]: Incoming Request: GET /javascript/comman.js
2025-08-13 13:10:20 [INFO]: Incoming Request: GET /product/cart/data
2025-08-13 13:11:37 [INFO]: Incoming Request: GET /product/list/all
2025-08-13 13:11:37 [INFO]: Incoming Request: GET /.well-known/appspecific/com.chrome.devtools.json
2025-08-13 13:11:39 [INFO]: Incoming Request: POST /product/add/cart
2025-08-13 13:11:41 [INFO]: Incoming Request: POST /product/add/cart
2025-08-13 13:11:48 [INFO]: Incoming Request: GET /
2025-08-13 13:11:48 [INFO]: Incoming Request: GET /.well-known/appspecific/com.chrome.devtools.json
2025-08-13 13:11:48 [INFO]: Incoming Request: GET /javascript/comman.js
2025-08-13 13:11:50 [INFO]: Incoming Request: GET /product/cart/data
2025-08-13 13:12:01 [INFO]: Incoming Request: GET /
2025-08-13 13:12:01 [INFO]: Incoming Request: GET /.well-known/appspecific/com.chrome.devtools.json
2025-08-13 13:12:01 [INFO]: Incoming Request: GET /javascript/comman.js
2025-08-13 13:12:02 [INFO]: Incoming Request: GET /product/cart/data
2025-08-13 13:13:22 [INFO]: Incoming Request: GET /
2025-08-13 13:13:22 [INFO]: Incoming Request: GET /javascript/comman.js
2025-08-13 13:13:22 [INFO]: Incoming Request: GET /.well-known/appspecific/com.chrome.devtools.json
2025-08-13 13:13:24 [INFO]: Incoming Request: GET /product/cart/data
2025-08-13 13:13:30 [INFO]: Incoming Request: GET /product/cart/data
2025-08-13 13:14:01 [INFO]: Incoming Request: GET /
2025-08-13 13:14:01 [INFO]: Incoming Request: GET /.well-known/appspecific/com.chrome.devtools.json
2025-08-13 13:14:01 [INFO]: Incoming Request: GET /javascript/comman.js
2025-08-13 13:14:04 [INFO]: Incoming Request: GET /product/cart/data
2025-08-13 13:14:25 [INFO]: Incoming Request: GET /
2025-08-13 13:14:25 [INFO]: Incoming Request: GET /.well-known/appspecific/com.chrome.devtools.json
2025-08-13 13:14:25 [INFO]: Incoming Request: GET /javascript/comman.js
2025-08-13 13:14:27 [INFO]: Incoming Request: GET /product/cart/data
2025-08-13 13:24:12 [INFO]: Incoming Request: GET /product/cart/data
2025-08-13 13:24:14 [INFO]: Incoming Request: GET /
2025-08-13 13:24:14 [INFO]: Incoming Request: GET /.well-known/appspecific/com.chrome.devtools.json
2025-08-13 13:24:14 [INFO]: Incoming Request: GET /javascript/comman.js
2025-08-13 13:24:17 [INFO]: Incoming Request: GET /product/cart/data
2025-08-13 13:25:42 [INFO]: Incoming Request: GET /
2025-08-13 13:25:42 [INFO]: Incoming Request: GET /javascript/comman.js
2025-08-13 13:25:42 [INFO]: Incoming Request: GET /.well-known/appspecific/com.chrome.devtools.json
2025-08-13 13:25:44 [INFO]: Incoming Request: GET /product/cart/data
2025-08-13 13:25:51 [INFO]: Incoming Request: GET /
2025-08-13 13:25:51 [INFO]: Incoming Request: GET /.well-known/appspecific/com.chrome.devtools.json
2025-08-13 13:25:51 [INFO]: Incoming Request: GET /javascript/comman.js
2025-08-13 13:25:51 [INFO]: Incoming Request: GET /
2025-08-13 13:25:51 [INFO]: Incoming Request: GET /.well-known/appspecific/com.chrome.devtools.json
2025-08-13 13:25:51 [INFO]: Incoming Request: GET /javascript/comman.js
2025-08-13 13:25:53 [INFO]: Incoming Request: GET /product/cart/data
2025-08-13 13:26:59 [INFO]: Incoming Request: GET /
2025-08-13 13:27:00 [INFO]: Incoming Request: GET /javascript/comman.js
2025-08-13 13:27:00 [INFO]: Incoming Request: GET /.well-known/appspecific/com.chrome.devtools.json
2025-08-13 13:27:01 [INFO]: Incoming Request: GET /product/cart/data
2025-08-13 13:27:18 [INFO]: Incoming Request: GET /
2025-08-13 13:27:18 [INFO]: Incoming Request: GET /.well-known/appspecific/com.chrome.devtools.json
2025-08-13 13:27:18 [INFO]: Incoming Request: GET /javascript/comman.js
2025-08-13 13:27:20 [INFO]: Incoming Request: GET /product/cart/data
2025-08-13 13:28:01 [INFO]: Incoming Request: GET /
2025-08-13 13:28:01 [INFO]: Incoming Request: GET /.well-known/appspecific/com.chrome.devtools.json
2025-08-13 13:28:01 [INFO]: Incoming Request: GET /javascript/comman.js
2025-08-13 13:28:03 [INFO]: Incoming Request: GET /product/cart/data
2025-08-13 13:28:05 [INFO]: Incoming Request: GET /
2025-08-13 13:28:05 [INFO]: Incoming Request: GET /.well-known/appspecific/com.chrome.devtools.json
2025-08-13 13:28:05 [INFO]: Incoming Request: GET /javascript/comman.js
2025-08-13 13:28:07 [INFO]: Incoming Request: GET /product/cart/data
2025-08-13 13:28:17 [INFO]: Incoming Request: GET /
2025-08-13 13:28:17 [INFO]: Incoming Request: GET /.well-known/appspecific/com.chrome.devtools.json
2025-08-13 13:28:17 [INFO]: Incoming Request: GET /javascript/comman.js
2025-08-13 13:28:17 [INFO]: Incoming Request: GET /
2025-08-13 13:28:17 [INFO]: Incoming Request: GET /.well-known/appspecific/com.chrome.devtools.json
2025-08-13 13:28:17 [INFO]: Incoming Request: GET /javascript/comman.js
2025-08-13 13:28:19 [INFO]: Incoming Request: GET /product/cart/data
2025-08-13 13:28:33 [INFO]: Incoming Request: GET /
2025-08-13 13:28:33 [INFO]: Incoming Request: GET /javascript/comman.js
2025-08-13 13:28:33 [INFO]: Incoming Request: GET /.well-known/appspecific/com.chrome.devtools.json
2025-08-13 13:28:33 [INFO]: Incoming Request: GET /
2025-08-13 13:28:33 [INFO]: Incoming Request: GET /javascript/comman.js
2025-08-13 13:28:33 [INFO]: Incoming Request: GET /.well-known/appspecific/com.chrome.devtools.json
2025-08-13 13:28:34 [INFO]: Incoming Request: GET /product/cart/data
2025-08-13 13:28:43 [INFO]: Incoming Request: GET /
2025-08-13 13:28:43 [INFO]: Incoming Request: GET /.well-known/appspecific/com.chrome.devtools.json
2025-08-13 13:28:43 [INFO]: Incoming Request: GET /javascript/comman.js
2025-08-13 13:28:45 [INFO]: Incoming Request: GET /product/cart/data
2025-08-13 13:29:52 [INFO]: Incoming Request: GET /
2025-08-13 13:29:52 [INFO]: Incoming Request: GET /.well-known/appspecific/com.chrome.devtools.json
2025-08-13 13:29:52 [INFO]: Incoming Request: GET /javascript/comman.js
2025-08-13 13:29:52 [INFO]: Incoming Request: GET /
2025-08-13 13:29:52 [INFO]: Incoming Request: GET /.well-known/appspecific/com.chrome.devtools.json
2025-08-13 13:29:52 [INFO]: Incoming Request: GET /javascript/comman.js
2025-08-13 13:29:54 [INFO]: Incoming Request: GET /product/list/all?search=
2025-08-13 13:29:55 [INFO]: Incoming Request: GET /.well-known/appspecific/com.chrome.devtools.json
2025-08-13 13:29:56 [INFO]: Incoming Request: GET /.well-known/appspecific/com.chrome.devtools.json
2025-08-13 13:29:57 [INFO]: Incoming Request: GET /product/cart/data
2025-08-13 13:30:05 [INFO]: Incoming Request: GET /
2025-08-13 13:30:05 [INFO]: Incoming Request: GET /javascript/comman.js
2025-08-13 13:30:05 [INFO]: Incoming Request: GET /.well-known/appspecific/com.chrome.devtools.json
2025-08-13 13:30:06 [INFO]: Incoming Request: GET /
2025-08-13 13:30:06 [INFO]: Incoming Request: GET /javascript/comman.js
2025-08-13 13:30:06 [INFO]: Incoming Request: GET /.well-known/appspecific/com.chrome.devtools.json
2025-08-13 13:30:07 [INFO]: Incoming Request: GET /product/cart/data
2025-08-13 13:30:26 [INFO]: Incoming Request: GET /
2025-08-13 13:30:27 [INFO]: Incoming Request: GET /.well-known/appspecific/com.chrome.devtools.json
2025-08-13 13:30:27 [INFO]: Incoming Request: GET /javascript/comman.js
2025-08-13 13:30:27 [INFO]: Incoming Request: GET /
2025-08-13 13:30:27 [INFO]: Incoming Request: GET /javascript/comman.js
2025-08-13 13:30:27 [INFO]: Incoming Request: GET /.well-known/appspecific/com.chrome.devtools.json
2025-08-13 13:30:30 [INFO]: Incoming Request: GET /product/cart/data
2025-08-13 13:30:41 [INFO]: Incoming Request: GET /
2025-08-13 13:30:41 [INFO]: Incoming Request: GET /.well-known/appspecific/com.chrome.devtools.json
2025-08-13 13:30:41 [INFO]: Incoming Request: GET /javascript/comman.js
2025-08-13 13:30:43 [INFO]: Incoming Request: GET /product/cart/data
2025-08-13 13:31:02 [INFO]: Incoming Request: GET /
2025-08-13 13:31:02 [INFO]: Incoming Request: GET /.well-known/appspecific/com.chrome.devtools.json
2025-08-13 13:31:02 [INFO]: Incoming Request: GET /javascript/comman.js
2025-08-13 13:31:08 [INFO]: Incoming Request: GET /product/cart/data
2025-08-13 13:31:11 [INFO]: Incoming Request: GET /
2025-08-13 13:31:11 [INFO]: Incoming Request: GET /.well-known/appspecific/com.chrome.devtools.json
2025-08-13 13:31:11 [INFO]: Incoming Request: GET /javascript/comman.js
2025-08-13 13:31:11 [INFO]: Incoming Request: GET /
2025-08-13 13:31:11 [INFO]: Incoming Request: GET /javascript/comman.js
2025-08-13 13:31:11 [INFO]: Incoming Request: GET /.well-known/appspecific/com.chrome.devtools.json
2025-08-13 13:31:12 [INFO]: Incoming Request: GET /product/cart/data
2025-08-13 13:31:16 [INFO]: Incoming Request: GET /
2025-08-13 13:31:16 [INFO]: Incoming Request: GET /.well-known/appspecific/com.chrome.devtools.json
2025-08-13 13:31:16 [INFO]: Incoming Request: GET /javascript/comman.js
2025-08-13 13:31:16 [INFO]: Incoming Request: GET /
2025-08-13 13:31:16 [INFO]: Incoming Request: GET /.well-known/appspecific/com.chrome.devtools.json
2025-08-13 13:31:16 [INFO]: Incoming Request: GET /javascript/comman.js
2025-08-13 13:31:18 [INFO]: Incoming Request: GET /product/cart/data
2025-08-13 13:31:21 [INFO]: Incoming Request: GET /
2025-08-13 13:31:21 [INFO]: Incoming Request: GET /.well-known/appspecific/com.chrome.devtools.json
2025-08-13 13:31:21 [INFO]: Incoming Request: GET /javascript/comman.js
2025-08-13 13:31:21 [INFO]: Incoming Request: GET /
2025-08-13 13:31:21 [INFO]: Incoming Request: GET /.well-known/appspecific/com.chrome.devtools.json
2025-08-13 13:31:21 [INFO]: Incoming Request: GET /javascript/comman.js
2025-08-13 13:31:23 [INFO]: Incoming Request: GET /product/cart/data
2025-08-13 13:31:26 [INFO]: Incoming Request: GET /
2025-08-13 13:31:26 [INFO]: Incoming Request: GET /.well-known/appspecific/com.chrome.devtools.json
2025-08-13 13:31:26 [INFO]: Incoming Request: GET /javascript/comman.js
2025-08-13 13:31:27 [INFO]: Incoming Request: GET /product/cart/data
2025-08-13 13:31:57 [INFO]: Incoming Request: GET /
2025-08-13 13:31:57 [INFO]: Incoming Request: GET /javascript/comman.js
2025-08-13 13:31:57 [INFO]: Incoming Request: GET /.well-known/appspecific/com.chrome.devtools.json
2025-08-13 13:31:57 [INFO]: Incoming Request: GET /
2025-08-13 13:31:57 [INFO]: Incoming Request: GET /javascript/comman.js
2025-08-13 13:31:57 [INFO]: Incoming Request: GET /.well-known/appspecific/com.chrome.devtools.json
2025-08-13 13:31:57 [INFO]: Incoming Request: GET /
2025-08-13 13:31:57 [INFO]: Incoming Request: GET /javascript/comman.js
2025-08-13 13:31:57 [INFO]: Incoming Request: GET /.well-known/appspecific/com.chrome.devtools.json
2025-08-13 13:31:59 [INFO]: Incoming Request: GET /product/cart/data
2025-08-13 13:32:10 [INFO]: Incoming Request: GET /
2025-08-13 13:32:10 [INFO]: Incoming Request: GET /.well-known/appspecific/com.chrome.devtools.json
2025-08-13 13:32:10 [INFO]: Incoming Request: GET /javascript/comman.js
2025-08-13 13:32:11 [INFO]: Incoming Request: GET /
2025-08-13 13:32:11 [INFO]: Incoming Request: GET /javascript/comman.js
2025-08-13 13:32:11 [INFO]: Incoming Request: GET /.well-known/appspecific/com.chrome.devtools.json
2025-08-13 13:32:13 [INFO]: Incoming Request: GET /product/cart/data
2025-08-13 13:37:58 [INFO]: Incoming Request: GET /product/cart/data
2025-08-13 13:40:58 [INFO]: Incoming Request: GET /
2025-08-13 13:40:58 [INFO]: Incoming Request: GET /.well-known/appspecific/com.chrome.devtools.json
2025-08-13 13:40:58 [INFO]: Incoming Request: GET /javascript/comman.js
2025-08-13 13:40:58 [INFO]: Incoming Request: GET /favicon.ico
2025-08-13 13:40:59 [INFO]: Incoming Request: GET /product/cart/data
2025-08-13 13:41:09 [INFO]: Incoming Request: GET /
2025-08-13 13:41:09 [INFO]: Incoming Request: GET /.well-known/appspecific/com.chrome.devtools.json
2025-08-13 13:41:09 [INFO]: Incoming Request: GET /javascript/comman.js
2025-08-13 13:41:11 [INFO]: Incoming Request: GET /product/cart/data
2025-08-13 13:41:14 [INFO]: Incoming Request: GET /
2025-08-13 13:41:14 [INFO]: Incoming Request: GET /javascript/comman.js
2025-08-13 13:41:14 [INFO]: Incoming Request: GET /.well-known/appspecific/com.chrome.devtools.json
2025-08-13 13:41:15 [INFO]: Incoming Request: GET /product/cart/data
2025-08-13 13:52:50 [INFO]: Incoming Request: GET /
2025-08-13 13:52:50 [INFO]: Incoming Request: GET /.well-known/appspecific/com.chrome.devtools.json
2025-08-13 13:52:51 [INFO]: Incoming Request: GET /javascript/comman.js
2025-08-13 13:52:53 [INFO]: Incoming Request: GET /product/cart/data
2025-08-13 13:53:24 [INFO]: Incoming Request: GET /
2025-08-13 13:53:25 [INFO]: Incoming Request: GET /javascript/comman.js
2025-08-13 13:53:25 [INFO]: Incoming Request: GET /.well-known/appspecific/com.chrome.devtools.json
2025-08-13 13:53:26 [INFO]: Incoming Request: GET /product/cart/data
2025-08-13 13:54:04 [INFO]: Incoming Request: GET /
2025-08-13 13:54:04 [INFO]: Incoming Request: GET /.well-known/appspecific/com.chrome.devtools.json
2025-08-13 13:54:04 [INFO]: Incoming Request: GET /javascript/comman.js
2025-08-13 13:54:05 [INFO]: Incoming Request: GET /product/cart/data
2025-08-13 13:54:18 [INFO]: Incoming Request: GET /
2025-08-13 13:54:18 [INFO]: Incoming Request: GET /.well-known/appspecific/com.chrome.devtools.json
2025-08-13 13:54:18 [INFO]: Incoming Request: GET /javascript/comman.js
2025-08-13 13:54:20 [INFO]: Incoming Request: GET /product/cart/data
2025-08-13 13:55:08 [INFO]: Incoming Request: GET /
2025-08-13 13:55:08 [INFO]: Incoming Request: GET /.well-known/appspecific/com.chrome.devtools.json
2025-08-13 13:55:08 [INFO]: Incoming Request: GET /javascript/comman.js
2025-08-13 13:55:09 [INFO]: Incoming Request: GET /product/cart/data
2025-08-13 13:58:20 [INFO]: Incoming Request: GET /
2025-08-13 13:58:20 [INFO]: Incoming Request: GET /.well-known/appspecific/com.chrome.devtools.json
2025-08-13 13:58:20 [INFO]: Incoming Request: GET /javascript/comman.js
2025-08-13 13:58:48 [INFO]: Incoming Request: PATCH /product/cart/update
2025-08-13 13:58:48 [INFO]: Incoming Request: GET /product/cart/data
2025-08-13 13:59:30 [INFO]: Incoming Request: GET /
2025-08-13 13:59:30 [INFO]: Incoming Request: GET /.well-known/appspecific/com.chrome.devtools.json
2025-08-13 13:59:30 [INFO]: Incoming Request: GET /javascript/comman.js
2025-08-13 13:59:31 [INFO]: Incoming Request: PATCH /product/cart/update
2025-08-13 13:59:31 [INFO]: Incoming Request: GET /product/cart/data
2025-08-13 14:00:41 [INFO]: Incoming Request: PATCH /product/cart/update
2025-08-13 14:00:41 [INFO]: Incoming Request: GET /product/cart/data
2025-08-13 14:03:08 [INFO]: Incoming Request: GET /
2025-08-13 14:03:09 [INFO]: Incoming Request: GET /.well-known/appspecific/com.chrome.devtools.json
2025-08-13 14:03:09 [INFO]: Incoming Request: GET /javascript/comman.js
2025-08-13 14:03:10 [INFO]: Incoming Request: PATCH /product/cart/update
2025-08-13 14:03:10 [INFO]: Incoming Request: GET /product/cart/data
2025-08-13 14:03:10 [INFO]: Incoming Request: GET /cart
2025-08-13 14:03:10 [INFO]: Incoming Request: GET /.well-known/appspecific/com.chrome.devtools.json
2025-08-13 14:03:11 [INFO]: Incoming Request: GET /.well-known/appspecific/com.chrome.devtools.json
2025-08-13 14:04:49 [INFO]: Incoming Request: GET /
2025-08-13 14:04:49 [INFO]: Incoming Request: GET /.well-known/appspecific/com.chrome.devtools.json
2025-08-13 14:04:49 [INFO]: Incoming Request: GET /javascript/comman.js
2025-08-13 14:04:50 [INFO]: Incoming Request: GET /product/cart/data
2025-08-13 14:04:50 [INFO]: Incoming Request: PATCH /product/cart/update
2025-08-13 14:04:50 [INFO]: Incoming Request: GET /product/cart
2025-08-13 14:04:50 [INFO]: Incoming Request: GET /.well-known/appspecific/com.chrome.devtools.json
2025-08-13 14:04:50 [INFO]: Incoming Request: GET /javascript/comman.js
2025-08-13 14:05:05 [INFO]: Incoming Request: GET /product/cart
2025-08-13 14:05:05 [INFO]: Incoming Request: GET /.well-known/appspecific/com.chrome.devtools.json
2025-08-13 14:05:05 [INFO]: Incoming Request: GET /javascript/comman.js
2025-08-13 14:05:05 [INFO]: Incoming Request: GET /product/cart
2025-08-13 14:05:05 [INFO]: Incoming Request: GET /.well-known/appspecific/com.chrome.devtools.json
2025-08-13 14:05:05 [INFO]: Incoming Request: GET /javascript/comman.js
2025-08-13 14:05:05 [INFO]: Incoming Request: GET /product/cart
2025-08-13 14:05:06 [INFO]: Incoming Request: GET /.well-known/appspecific/com.chrome.devtools.json
2025-08-13 14:05:06 [INFO]: Incoming Request: GET /javascript/comman.js
2025-08-13 14:05:17 [INFO]: Incoming Request: GET /product/cart
2025-08-13 14:05:17 [INFO]: Incoming Request: GET /javascript/comman.js
2025-08-13 14:05:17 [INFO]: Incoming Request: GET /.well-known/appspecific/com.chrome.devtools.json
2025-08-13 14:05:17 [INFO]: Incoming Request: GET /product/cart
2025-08-13 14:05:17 [INFO]: Incoming Request: GET /.well-known/appspecific/com.chrome.devtools.json
2025-08-13 14:05:18 [INFO]: Incoming Request: GET /javascript/comman.js
2025-08-13 14:05:18 [INFO]: Incoming Request: GET /product/cart
2025-08-13 14:05:18 [INFO]: Incoming Request: GET /.well-known/appspecific/com.chrome.devtools.json
2025-08-13 14:05:18 [INFO]: Incoming Request: GET /javascript/comman.js
2025-08-13 14:05:26 [INFO]: Incoming Request: GET /product/cart
2025-08-13 14:05:26 [INFO]: Incoming Request: GET /.well-known/appspecific/com.chrome.devtools.json
2025-08-13 14:05:26 [INFO]: Incoming Request: GET /javascript/comman.js
2025-08-13 14:05:49 [INFO]: Incoming Request: GET /product/cart
2025-08-13 14:05:49 [INFO]: Incoming Request: GET /.well-known/appspecific/com.chrome.devtools.json
2025-08-13 14:05:49 [INFO]: Incoming Request: GET /javascript/comman.js
2025-08-13 14:05:51 [INFO]: Incoming Request: GET /product/cart/data
2025-08-13 14:05:51 [INFO]: Incoming Request: PATCH /product/cart/update
2025-08-13 14:05:51 [INFO]: Incoming Request: GET /product/cart
2025-08-13 14:05:51 [INFO]: Incoming Request: GET /.well-known/appspecific/com.chrome.devtools.json
2025-08-13 14:05:51 [INFO]: Incoming Request: GET /javascript/comman.js
2025-08-13 14:07:32 [INFO]: Incoming Request: GET /product/cart
2025-08-13 14:07:32 [INFO]: Incoming Request: GET /.well-known/appspecific/com.chrome.devtools.json
2025-08-13 14:07:32 [INFO]: Incoming Request: GET /javascript/comman.js
2025-08-13 14:07:59 [INFO]: Incoming Request: GET /product/cart
2025-08-13 14:08:00 [INFO]: Incoming Request: GET /javascript/comman.js
2025-08-13 14:08:00 [INFO]: Incoming Request: GET /.well-known/appspecific/com.chrome.devtools.json
2025-08-13 14:08:00 [INFO]: Incoming Request: GET /product/cart/data
2025-08-13 14:08:24 [INFO]: Incoming Request: GET /product/cart
2025-08-13 14:08:24 [INFO]: Incoming Request: GET /.well-known/appspecific/com.chrome.devtools.json
2025-08-13 14:08:24 [INFO]: Incoming Request: GET /javascript/comman.js
2025-08-13 14:08:25 [INFO]: Incoming Request: GET /product/cart/data
2025-08-13 14:08:57 [INFO]: Incoming Request: GET /product/cart
2025-08-13 14:08:57 [INFO]: Incoming Request: GET /.well-known/appspecific/com.chrome.devtools.json
2025-08-13 14:08:57 [INFO]: Incoming Request: GET /javascript/comman.js
2025-08-13 14:08:57 [INFO]: Incoming Request: GET /product/cart/data
2025-08-13 14:09:44 [INFO]: Incoming Request: GET /product/cart
2025-08-13 14:09:44 [INFO]: Incoming Request: GET /.well-known/appspecific/com.chrome.devtools.json
2025-08-13 14:09:44 [INFO]: Incoming Request: GET /javascript/comman.js
2025-08-13 14:09:44 [INFO]: Incoming Request: GET /product/cart
2025-08-13 14:09:45 [INFO]: Incoming Request: GET /javascript/comman.js
2025-08-13 14:09:45 [INFO]: Incoming Request: GET /.well-known/appspecific/com.chrome.devtools.json
2025-08-13 14:09:45 [INFO]: Incoming Request: GET /product/cart/data
2025-08-13 14:09:46 [INFO]: Incoming Request: PATCH /product/cart/update
2025-08-13 14:09:52 [INFO]: Incoming Request: PATCH /product/cart/update
2025-08-13 14:10:07 [INFO]: Incoming Request: GET /product/cart
2025-08-13 14:10:07 [INFO]: Incoming Request: GET /javascript/comman.js
2025-08-13 14:10:07 [INFO]: Incoming Request: GET /.well-known/appspecific/com.chrome.devtools.json
2025-08-13 14:10:08 [INFO]: Incoming Request: GET /product/cart/data
2025-08-13 14:10:12 [INFO]: Incoming Request: PATCH /product/cart/update
2025-08-13 14:10:12 [INFO]: Incoming Request: GET /product/cart/data
2025-08-13 14:12:01 [INFO]: Incoming Request: GET /product/cart
2025-08-13 14:12:01 [INFO]: Incoming Request: GET /javascript/comman.js
2025-08-13 14:12:01 [INFO]: Incoming Request: GET /.well-known/appspecific/com.chrome.devtools.json
2025-08-13 14:12:01 [INFO]: Incoming Request: GET /product/cart/data
2025-08-13 14:12:05 [INFO]: Incoming Request: GET /product/list/all
2025-08-13 14:12:05 [INFO]: Incoming Request: GET /.well-known/appspecific/com.chrome.devtools.json
2025-08-13 14:12:07 [INFO]: Incoming Request: POST /product/add/cart
2025-08-13 14:12:10 [INFO]: Incoming Request: POST /product/add/cart
2025-08-13 14:12:13 [INFO]: Incoming Request: POST /product/add/cart
2025-08-13 14:12:15 [INFO]: Incoming Request: GET /product/cart
2025-08-13 14:12:15 [INFO]: Incoming Request: GET /.well-known/appspecific/com.chrome.devtools.json
2025-08-13 14:12:15 [INFO]: Incoming Request: GET /javascript/comman.js
2025-08-13 14:12:16 [INFO]: Incoming Request: GET /product/cart/data
2025-08-13 14:12:18 [INFO]: Incoming Request: PATCH /product/cart/update
2025-08-13 14:12:18 [INFO]: Incoming Request: GET /product/cart/data
2025-08-13 14:12:19 [INFO]: Incoming Request: PATCH /product/cart/update
2025-08-13 14:12:19 [INFO]: Incoming Request: GET /product/cart/data
2025-08-13 14:12:19 [INFO]: Incoming Request: PATCH /product/cart/update
2025-08-13 14:12:19 [INFO]: Incoming Request: GET /product/cart/data
2025-08-13 14:12:21 [INFO]: Incoming Request: GET /product/cart
2025-08-13 14:12:21 [INFO]: Incoming Request: GET /.well-known/appspecific/com.chrome.devtools.json
2025-08-13 14:12:21 [INFO]: Incoming Request: GET /javascript/comman.js
2025-08-13 14:12:22 [INFO]: Incoming Request: GET /product/cart/data
2025-08-13 14:14:27 [INFO]: Incoming Request: GET /product/cart
2025-08-13 14:14:27 [INFO]: Incoming Request: GET /javascript/comman.js
2025-08-13 14:14:27 [INFO]: Incoming Request: GET /.well-known/appspecific/com.chrome.devtools.json
2025-08-13 14:14:27 [INFO]: Incoming Request: GET /product/cart/data
2025-08-13 14:14:32 [INFO]: Incoming Request: GET /product/cart
2025-08-13 14:14:32 [INFO]: Incoming Request: GET /.well-known/appspecific/com.chrome.devtools.json
2025-08-13 14:14:32 [INFO]: Incoming Request: GET /javascript/comman.js
2025-08-13 14:14:32 [INFO]: Incoming Request: GET /product/cart/data
2025-08-13 14:14:33 [INFO]: Incoming Request: GET /.well-known/appspecific/com.chrome.devtools.json
2025-08-13 14:14:35 [INFO]: Incoming Request: POST /product/add/cart
2025-08-13 14:14:39 [INFO]: Incoming Request: POST /product/add/cart
2025-08-13 14:14:41 [INFO]: Incoming Request: GET /product/cart
2025-08-13 14:14:41 [INFO]: Incoming Request: GET /.well-known/appspecific/com.chrome.devtools.json
2025-08-13 14:14:41 [INFO]: Incoming Request: GET /javascript/comman.js
2025-08-13 14:14:41 [INFO]: Incoming Request: GET /product/cart/data
2025-08-13 14:14:42 [INFO]: Incoming Request: PATCH /product/cart/update
2025-08-13 14:14:42 [INFO]: Incoming Request: GET /product/cart/data
2025-08-13 14:15:00 [INFO]: Incoming Request: GET /product/cart
2025-08-13 14:15:00 [INFO]: Incoming Request: GET /.well-known/appspecific/com.chrome.devtools.json
2025-08-13 14:15:00 [INFO]: Incoming Request: GET /javascript/comman.js
2025-08-13 14:15:00 [INFO]: Incoming Request: GET /product/cart/data
2025-08-13 14:15:02 [INFO]: Incoming Request: PATCH /product/cart/update
2025-08-13 14:15:05 [INFO]: Incoming Request: GET /product/cart
2025-08-13 14:15:06 [INFO]: Incoming Request: GET /javascript/comman.js
2025-08-13 14:15:06 [INFO]: Incoming Request: GET /.well-known/appspecific/com.chrome.devtools.json
2025-08-13 14:15:06 [INFO]: Incoming Request: GET /product/cart/data
2025-08-13 14:15:40 [INFO]: Incoming Request: PATCH /product/cart/update
2025-08-13 14:16:08 [INFO]: Incoming Request: GET /product/cart
2025-08-13 14:16:08 [INFO]: Incoming Request: GET /javascript/comman.js
2025-08-13 14:16:08 [INFO]: Incoming Request: GET /.well-known/appspecific/com.chrome.devtools.json
2025-08-13 14:16:08 [INFO]: Incoming Request: GET /product/cart/data
2025-08-13 14:16:09 [INFO]: Incoming Request: PATCH /product/cart/update
2025-08-13 14:16:09 [INFO]: Incoming Request: GET /product/cart/data
2025-08-13 14:16:10 [INFO]: Incoming Request: PATCH /product/cart/update
2025-08-13 14:16:10 [INFO]: Incoming Request: GET /product/cart/data
2025-08-13 14:16:10 [INFO]: Incoming Request: PATCH /product/cart/update
2025-08-13 14:16:10 [INFO]: Incoming Request: GET /product/cart/data
2025-08-13 14:16:11 [INFO]: Incoming Request: PATCH /product/cart/update
2025-08-13 14:16:11 [INFO]: Incoming Request: GET /product/cart/data
2025-08-13 14:16:11 [INFO]: Incoming Request: PATCH /product/cart/update
2025-08-13 14:16:11 [INFO]: Incoming Request: GET /product/cart/data
2025-08-13 14:16:11 [INFO]: Incoming Request: PATCH /product/cart/update
2025-08-13 14:16:11 [INFO]: Incoming Request: GET /product/cart/data
2025-08-13 14:16:11 [INFO]: Incoming Request: PATCH /product/cart/update
2025-08-13 14:16:11 [INFO]: Incoming Request: GET /product/cart/data
2025-08-13 14:16:13 [INFO]: Incoming Request: PATCH /product/cart/update
2025-08-13 14:16:13 [INFO]: Incoming Request: GET /product/cart/data
2025-08-13 14:16:13 [INFO]: Incoming Request: PATCH /product/cart/update
2025-08-13 14:16:13 [INFO]: Incoming Request: GET /product/cart/data
2025-08-13 14:16:13 [INFO]: Incoming Request: PATCH /product/cart/update
2025-08-13 14:16:13 [INFO]: Incoming Request: GET /product/cart/data
2025-08-13 14:16:13 [INFO]: Incoming Request: PATCH /product/cart/update
2025-08-13 14:16:13 [INFO]: Incoming Request: GET /product/cart/data
2025-08-13 14:16:13 [INFO]: Incoming Request: PATCH /product/cart/update
2025-08-13 14:16:13 [INFO]: Incoming Request: GET /product/cart/data
2025-08-13 14:16:14 [INFO]: Incoming Request: PATCH /product/cart/update
2025-08-13 14:16:14 [INFO]: Incoming Request: GET /product/cart/data
2025-08-13 14:16:14 [INFO]: Incoming Request: PATCH /product/cart/update
2025-08-13 14:16:14 [INFO]: Incoming Request: GET /product/cart/data
2025-08-13 14:16:14 [INFO]: Incoming Request: PATCH /product/cart/update
2025-08-13 14:16:14 [INFO]: Incoming Request: GET /product/cart/data
2025-08-13 14:16:14 [INFO]: Incoming Request: PATCH /product/cart/update
2025-08-13 14:16:14 [INFO]: Incoming Request: GET /product/cart/data
2025-08-13 14:16:14 [INFO]: Incoming Request: PATCH /product/cart/update
2025-08-13 14:16:14 [INFO]: Incoming Request: GET /product/cart/data
2025-08-13 14:16:14 [INFO]: Incoming Request: PATCH /product/cart/update
2025-08-13 14:16:14 [INFO]: Incoming Request: GET /product/cart/data
2025-08-13 14:16:14 [INFO]: Incoming Request: PATCH /product/cart/update
2025-08-13 14:16:15 [INFO]: Incoming Request: GET /product/cart/data
2025-08-13 14:16:15 [INFO]: Incoming Request: PATCH /product/cart/update
2025-08-13 14:16:15 [INFO]: Incoming Request: GET /product/cart/data
2025-08-13 14:16:15 [INFO]: Incoming Request: PATCH /product/cart/update
2025-08-13 14:16:15 [INFO]: Incoming Request: GET /product/cart/data
2025-08-13 14:16:15 [INFO]: Incoming Request: PATCH /product/cart/update
2025-08-13 14:16:15 [INFO]: Incoming Request: GET /product/cart/data
2025-08-13 14:16:15 [INFO]: Incoming Request: PATCH /product/cart/update
2025-08-13 14:16:15 [INFO]: Incoming Request: GET /product/cart/data
2025-08-13 14:16:17 [INFO]: Incoming Request: PATCH /product/cart/update
2025-08-13 14:16:17 [INFO]: Incoming Request: GET /product/cart/data
2025-08-13 14:16:17 [INFO]: Incoming Request: PATCH /product/cart/update
2025-08-13 14:16:17 [INFO]: Incoming Request: GET /product/cart/data
2025-08-13 14:16:17 [INFO]: Incoming Request: PATCH /product/cart/update
2025-08-13 14:16:17 [INFO]: Incoming Request: GET /product/cart/data
2025-08-13 14:16:18 [INFO]: Incoming Request: PATCH /product/cart/update
2025-08-13 14:16:18 [INFO]: Incoming Request: GET /product/cart/data
2025-08-13 14:16:18 [INFO]: Incoming Request: PATCH /product/cart/update
2025-08-13 14:16:18 [INFO]: Incoming Request: GET /product/cart/data
2025-08-13 14:16:18 [INFO]: Incoming Request: PATCH /product/cart/update
2025-08-13 14:16:18 [INFO]: Incoming Request: GET /product/cart/data
2025-08-13 14:16:18 [INFO]: Incoming Request: PATCH /product/cart/update
2025-08-13 14:16:18 [INFO]: Incoming Request: GET /product/cart/data
2025-08-13 14:16:18 [INFO]: Incoming Request: PATCH /product/cart/update
2025-08-13 14:16:18 [INFO]: Incoming Request: GET /product/cart/data
2025-08-13 14:16:18 [INFO]: Incoming Request: PATCH /product/cart/update
2025-08-13 14:16:18 [INFO]: Incoming Request: GET /product/cart/data
2025-08-13 14:16:18 [INFO]: Incoming Request: PATCH /product/cart/update
2025-08-13 14:16:18 [INFO]: Incoming Request: GET /product/cart/data
2025-08-13 14:16:19 [INFO]: Incoming Request: PATCH /product/cart/update
2025-08-13 14:16:19 [INFO]: Incoming Request: GET /product/cart/data
2025-08-13 14:16:19 [INFO]: Incoming Request: PATCH /product/cart/update
2025-08-13 14:16:19 [INFO]: Incoming Request: GET /product/cart/data
2025-08-13 14:16:19 [INFO]: Incoming Request: PATCH /product/cart/update
2025-08-13 14:16:19 [INFO]: Incoming Request: GET /product/cart/data
2025-08-13 14:16:19 [INFO]: Incoming Request: PATCH /product/cart/update
2025-08-13 14:16:19 [INFO]: Incoming Request: GET /product/cart/data
2025-08-13 14:16:19 [INFO]: Incoming Request: PATCH /product/cart/update
2025-08-13 14:16:19 [INFO]: Incoming Request: GET /product/cart/data
2025-08-13 14:16:19 [INFO]: Incoming Request: PATCH /product/cart/update
2025-08-13 14:16:19 [INFO]: Incoming Request: GET /product/cart/data
2025-08-13 14:16:20 [INFO]: Incoming Request: PATCH /product/cart/update
2025-08-13 14:16:20 [INFO]: Incoming Request: GET /product/cart/data
2025-08-13 14:16:20 [INFO]: Incoming Request: PATCH /product/cart/update
2025-08-13 14:16:20 [INFO]: Incoming Request: GET /product/cart/data
2025-08-13 14:16:20 [INFO]: Incoming Request: PATCH /product/cart/update
2025-08-13 14:16:20 [INFO]: Incoming Request: GET /product/cart/data
2025-08-13 14:16:20 [INFO]: Incoming Request: PATCH /product/cart/update
2025-08-13 14:16:20 [INFO]: Incoming Request: GET /product/cart/data
2025-08-13 14:16:20 [INFO]: Incoming Request: PATCH /product/cart/update
2025-08-13 14:16:20 [INFO]: Incoming Request: GET /product/cart/data
2025-08-13 14:16:20 [INFO]: Incoming Request: PATCH /product/cart/update
2025-08-13 14:16:20 [INFO]: Incoming Request: GET /product/cart/data
2025-08-13 14:16:21 [INFO]: Incoming Request: PATCH /product/cart/update
2025-08-13 14:16:21 [INFO]: Incoming Request: GET /product/cart/data
2025-08-13 14:16:21 [INFO]: Incoming Request: PATCH /product/cart/update
2025-08-13 14:16:21 [INFO]: Incoming Request: GET /product/cart/data
2025-08-13 14:16:22 [INFO]: Incoming Request: PATCH /product/cart/update
2025-08-13 14:16:22 [INFO]: Incoming Request: GET /product/cart/data
2025-08-13 14:16:23 [INFO]: Incoming Request: PATCH /product/cart/update
2025-08-13 14:16:23 [INFO]: Incoming Request: GET /product/cart/data
2025-08-13 14:16:24 [INFO]: Incoming Request: GET /product/cart
2025-08-13 14:16:24 [INFO]: Incoming Request: GET /javascript/comman.js
2025-08-13 14:16:24 [INFO]: Incoming Request: GET /.well-known/appspecific/com.chrome.devtools.json
2025-08-13 14:16:24 [INFO]: Incoming Request: GET /product/cart/data
2025-08-13 14:16:26 [INFO]: Incoming Request: GET /product/list/all
2025-08-13 14:16:26 [INFO]: Incoming Request: GET /.well-known/appspecific/com.chrome.devtools.json
2025-08-13 14:16:28 [INFO]: Incoming Request: GET /product/info/19928381-30f2-4a3a-b24e-8f1decce27bb
2025-08-13 14:16:28 [INFO]: Incoming Request: GET /.well-known/appspecific/com.chrome.devtools.json
2025-08-13 14:16:30 [INFO]: Incoming Request: POST /product/add/cart
2025-08-13 14:16:32 [INFO]: Incoming Request: POST /product/add/cart
2025-08-13 14:16:36 [INFO]: Incoming Request: GET /product/cart
2025-08-13 14:16:36 [INFO]: Incoming Request: GET /.well-known/appspecific/com.chrome.devtools.json
2025-08-13 14:16:36 [INFO]: Incoming Request: GET /javascript/comman.js
2025-08-13 14:16:36 [INFO]: Incoming Request: GET /product/cart/data
2025-08-13 14:19:31 [INFO]: Incoming Request: GET /
2025-08-13 14:19:31 [INFO]: Incoming Request: GET /.well-known/appspecific/com.chrome.devtools.json
2025-08-13 14:19:31 [INFO]: Incoming Request: GET /javascript/comman.js
2025-08-13 14:20:27 [INFO]: Incoming Request: GET /
2025-08-13 14:20:27 [INFO]: Incoming Request: GET /.well-known/appspecific/com.chrome.devtools.json
2025-08-13 14:20:27 [INFO]: Incoming Request: GET /javascript/comman.js
2025-08-13 14:20:33 [INFO]: Incoming Request: GET /product/list/all
2025-08-13 14:20:34 [INFO]: Incoming Request: GET /.well-known/appspecific/com.chrome.devtools.json
2025-08-13 14:20:36 [INFO]: Incoming Request: GET /
2025-08-13 14:20:36 [INFO]: Incoming Request: GET /.well-known/appspecific/com.chrome.devtools.json
2025-08-13 14:20:36 [INFO]: Incoming Request: GET /javascript/comman.js
2025-08-13 14:20:38 [INFO]: Incoming Request: GET /product/list/all
2025-08-13 14:20:38 [INFO]: Incoming Request: GET /.well-known/appspecific/com.chrome.devtools.json
2025-08-13 14:20:39 [INFO]: Incoming Request: GET /
2025-08-13 14:20:39 [INFO]: Incoming Request: GET /.well-known/appspecific/com.chrome.devtools.json
2025-08-13 14:20:39 [INFO]: Incoming Request: GET /javascript/comman.js
2025-08-13 14:20:40 [INFO]: Incoming Request: GET /product/list/all
2025-08-13 14:20:40 [INFO]: Incoming Request: GET /.well-known/appspecific/com.chrome.devtools.json
2025-08-13 14:20:41 [INFO]: Incoming Request: GET /
2025-08-13 14:20:41 [INFO]: Incoming Request: GET /.well-known/appspecific/com.chrome.devtools.json
2025-08-13 14:20:41 [INFO]: Incoming Request: GET /javascript/comman.js
2025-08-13 14:20:42 [INFO]: Incoming Request: GET /product/list/all
2025-08-13 14:20:42 [INFO]: Incoming Request: GET /.well-known/appspecific/com.chrome.devtools.json
2025-08-13 14:20:50 [INFO]: Incoming Request: GET /
2025-08-13 14:20:50 [INFO]: Incoming Request: GET /.well-known/appspecific/com.chrome.devtools.json
2025-08-13 14:20:50 [INFO]: Incoming Request: GET /javascript/comman.js
2025-08-13 14:21:06 [INFO]: Incoming Request: GET /
2025-08-13 14:21:07 [INFO]: Incoming Request: GET /.well-known/appspecific/com.chrome.devtools.json
2025-08-13 14:21:07 [INFO]: Incoming Request: GET /javascript/comman.js
2025-08-13 14:21:07 [INFO]: Incoming Request: GET /
2025-08-13 14:21:07 [INFO]: Incoming Request: GET /.well-known/appspecific/com.chrome.devtools.json
2025-08-13 14:21:07 [INFO]: Incoming Request: GET /javascript/comman.js
2025-08-13 14:21:24 [INFO]: Incoming Request: GET /product/list/all
2025-08-13 14:21:24 [INFO]: Incoming Request: GET /.well-known/appspecific/com.chrome.devtools.json
2025-08-13 14:21:25 [INFO]: Incoming Request: GET /
2025-08-13 14:21:25 [INFO]: Incoming Request: GET /.well-known/appspecific/com.chrome.devtools.json
2025-08-13 14:21:25 [INFO]: Incoming Request: GET /javascript/comman.js
2025-08-13 14:25:41 [INFO]: Incoming Request: GET /product/list/all
2025-08-13 14:25:42 [INFO]: Incoming Request: GET /.well-known/appspecific/com.chrome.devtools.json
2025-08-13 14:26:18 [INFO]: Incoming Request: GET /product/info/4ba06b46-7765-44cf-a0fe-ceae75159517
2025-08-13 14:26:18 [INFO]: Incoming Request: GET /.well-known/appspecific/com.chrome.devtools.json
2025-08-13 14:35:23 [INFO]: Incoming Request: GET /
2025-08-13 14:35:23 [INFO]: Incoming Request: GET /javascript/comman.js
2025-08-13 14:35:24 [INFO]: Incoming Request: GET /.well-known/appspecific/com.chrome.devtools.json
2025-08-13 14:35:24 [INFO]: Incoming Request: GET /product/list/all
2025-08-13 14:35:24 [INFO]: Incoming Request: GET /.well-known/appspecific/com.chrome.devtools.json
2025-08-13 14:35:26 [INFO]: Incoming Request: GET /product/info/19928381-30f2-4a3a-b24e-8f1decce27bb
2025-08-13 14:35:26 [INFO]: Incoming Request: GET /.well-known/appspecific/com.chrome.devtools.json
2025-08-13 14:35:48 [INFO]: Incoming Request: GET /product/list/all
2025-08-13 14:35:48 [INFO]: Incoming Request: GET /.well-known/appspecific/com.chrome.devtools.json
2025-08-13 14:35:52 [INFO]: Incoming Request: GET /product/cart
2025-08-13 14:35:52 [INFO]: Incoming Request: GET /.well-known/appspecific/com.chrome.devtools.json
2025-08-13 14:35:52 [INFO]: Incoming Request: GET /javascript/comman.js
2025-08-13 14:35:52 [INFO]: Incoming Request: GET /product/cart/data
2025-08-13 14:35:54 [INFO]: Incoming Request: GET /.well-known/appspecific/com.chrome.devtools.json
2025-08-13 14:35:55 [INFO]: Incoming Request: POST /product/add/cart
2025-08-13 14:35:57 [INFO]: Incoming Request: GET /product/cart
2025-08-13 14:35:57 [INFO]: Incoming Request: GET /.well-known/appspecific/com.chrome.devtools.json
2025-08-13 14:35:57 [INFO]: Incoming Request: GET /javascript/comman.js
2025-08-13 14:35:58 [INFO]: Incoming Request: GET /product/cart/data
2025-08-14 05:02:03 [INFO]: Incoming Request: GET /product/cart
2025-08-14 05:02:04 [INFO]: Incoming Request: GET /javascript/comman.js
2025-08-14 05:02:04 [INFO]: Incoming Request: GET /product/cart/data
2025-08-14 05:02:04 [INFO]: Incoming Request: GET /favicon.ico
2025-08-14 05:10:06 [INFO]: Incoming Request: GET /product/cart
2025-08-14 05:10:06 [INFO]: Incoming Request: GET /javascript/comman.js
2025-08-14 05:10:06 [INFO]: Incoming Request: GET /product/cart/data
2025-08-14 05:10:26 [INFO]: Incoming Request: GET /product/cart
2025-08-14 05:10:26 [INFO]: Incoming Request: GET /javascript/comman.js
2025-08-14 05:10:26 [INFO]: Incoming Request: GET /product/cart/data
2025-08-14 05:10:32 [INFO]: Incoming Request: GET /product/cart
2025-08-14 05:10:32 [INFO]: Incoming Request: GET /javascript/comman.js
2025-08-14 05:10:32 [INFO]: Incoming Request: GET /product/cart/data
2025-08-14 05:10:32 [INFO]: Incoming Request: GET /product/cart
2025-08-14 05:10:32 [INFO]: Incoming Request: GET /javascript/comman.js
2025-08-14 05:10:32 [INFO]: Incoming Request: GET /product/cart/data
2025-08-14 05:12:19 [INFO]: Incoming Request: GET /product/cart
2025-08-14 05:12:19 [INFO]: Incoming Request: GET /javascript/comman.js
2025-08-14 05:12:19 [INFO]: Incoming Request: GET /product/cart/data
2025-08-14 05:13:26 [INFO]: Incoming Request: PATCH /product/cart/update
2025-08-14 05:13:26 [INFO]: Incoming Request: GET /product/cart/data
2025-08-14 05:13:28 [INFO]: Incoming Request: PATCH /product/cart/update
2025-08-14 05:13:28 [INFO]: Incoming Request: GET /product/cart/data
2025-08-14 05:13:30 [INFO]: Incoming Request: PATCH /product/cart/update
2025-08-14 05:13:30 [INFO]: Incoming Request: GET /product/cart/data
2025-08-14 05:13:32 [INFO]: Incoming Request: PATCH /product/cart/update
2025-08-14 05:13:32 [INFO]: Incoming Request: GET /product/cart/data
2025-08-14 05:13:45 [INFO]: Incoming Request: GET /product/cart
2025-08-14 05:13:45 [INFO]: Incoming Request: GET /javascript/comman.js
2025-08-14 05:13:45 [INFO]: Incoming Request: GET /product/cart/data
2025-08-14 05:13:45 [INFO]: Incoming Request: GET /product/cart
2025-08-14 05:13:45 [INFO]: Incoming Request: GET /javascript/comman.js
2025-08-14 05:13:46 [INFO]: Incoming Request: GET /product/cart/data
2025-08-14 05:14:13 [INFO]: Incoming Request: GET /product/cart
2025-08-14 05:14:13 [INFO]: Incoming Request: GET /javascript/comman.js
2025-08-14 05:14:13 [INFO]: Incoming Request: GET /product/cart/data
2025-08-14 05:14:13 [INFO]: Incoming Request: GET /product/cart
2025-08-14 05:14:13 [INFO]: Incoming Request: GET /javascript/comman.js
2025-08-14 05:14:13 [INFO]: Incoming Request: GET /product/cart/data
2025-08-14 05:14:15 [INFO]: Incoming Request: GET /product/cart
2025-08-14 05:14:15 [INFO]: Incoming Request: GET /javascript/comman.js
2025-08-14 05:14:15 [INFO]: Incoming Request: GET /product/cart/data
2025-08-14 05:14:22 [INFO]: Incoming Request: PATCH /product/cart/update
2025-08-14 05:14:22 [INFO]: Incoming Request: GET /product/cart/data
2025-08-14 05:14:23 [INFO]: Incoming Request: PATCH /product/cart/update
2025-08-14 05:14:23 [INFO]: Incoming Request: GET /product/cart/data
2025-08-14 05:14:24 [INFO]: Incoming Request: PATCH /product/cart/update
2025-08-14 05:14:24 [INFO]: Incoming Request: GET /product/cart/data
2025-08-14 05:14:24 [INFO]: Incoming Request: PATCH /product/cart/update
2025-08-14 05:14:24 [INFO]: Incoming Request: GET /product/cart/data
2025-08-14 05:14:26 [INFO]: Incoming Request: PATCH /product/cart/update
2025-08-14 05:14:26 [INFO]: Incoming Request: GET /product/cart/data
2025-08-14 05:14:28 [INFO]: Incoming Request: PATCH /product/cart/update
2025-08-14 05:14:28 [INFO]: Incoming Request: GET /product/cart/data
2025-08-14 05:14:30 [INFO]: Incoming Request: PATCH /product/cart/update
2025-08-14 05:14:30 [INFO]: Incoming Request: GET /product/cart/data
2025-08-14 05:14:32 [INFO]: Incoming Request: DELETE /product/cart/remove/19928381-30f2-4a3a-b24e-8f1decce27bb
2025-08-14 05:14:32 [INFO]: Incoming Request: GET /product/cart/data
2025-08-14 05:14:41 [INFO]: Incoming Request: GET /product/cart
2025-08-14 05:14:41 [INFO]: Incoming Request: GET /javascript/comman.js
2025-08-14 05:14:41 [INFO]: Incoming Request: GET /product/cart/data
2025-08-14 05:14:53 [INFO]: Incoming Request: GET /product/list/all
2025-08-14 05:14:56 [INFO]: Incoming Request: POST /product/add/cart
2025-08-14 05:14:58 [INFO]: Incoming Request: POST /product/add/cart
2025-08-14 05:15:00 [INFO]: Incoming Request: POST /product/add/cart
2025-08-14 05:15:01 [INFO]: Incoming Request: GET /product/cart
2025-08-14 05:15:01 [INFO]: Incoming Request: GET /javascript/comman.js
2025-08-14 05:15:02 [INFO]: Incoming Request: GET /product/cart/data
2025-08-14 05:15:07 [INFO]: Incoming Request: DELETE /product/cart/remove/1c4665b9-4168-4357-a215-b8d05ef2ca60
2025-08-14 05:15:07 [INFO]: Incoming Request: GET /product/cart/data
2025-08-14 05:15:09 [INFO]: Incoming Request: DELETE /product/cart/remove/0f2cc60e-e149-4ad0-878c-d84143ff2ebe
2025-08-14 05:15:09 [INFO]: Incoming Request: GET /product/cart/data
2025-08-14 05:15:10 [INFO]: Incoming Request: DELETE /product/cart/remove/19928381-30f2-4a3a-b24e-8f1decce27bb
2025-08-14 05:15:10 [INFO]: Incoming Request: GET /product/cart/data
2025-08-14 05:15:43 [INFO]: Incoming Request: GET /product/cart
2025-08-14 05:15:43 [INFO]: Incoming Request: GET /javascript/comman.js
2025-08-14 05:15:43 [INFO]: Incoming Request: GET /product/cart/data
2025-08-14 05:21:29 [INFO]: Incoming Request: GET /product/cart
2025-08-14 05:21:29 [INFO]: Incoming Request: GET /docs/5.3/assets/brand/bootstrap-logo.svg
2025-08-14 05:21:29 [INFO]: Incoming Request: GET /javascript/comman.js
2025-08-14 05:21:29 [INFO]: Incoming Request: GET /product/cart/data
2025-08-14 05:23:04 [INFO]: Incoming Request: GET /product/cart
2025-08-14 05:23:04 [INFO]: Incoming Request: GET /javascript/comman.js
2025-08-14 05:23:04 [INFO]: Incoming Request: GET /product/cart/data
2025-08-14 05:23:09 [INFO]: Incoming Request: GET /product/checkout
2025-08-14 05:23:22 [INFO]: Incoming Request: GET /
2025-08-14 05:23:22 [INFO]: Incoming Request: GET /javascript/comman.js
2025-08-14 05:23:29 [INFO]: Incoming Request: GET /product/cart
2025-08-14 05:23:29 [INFO]: Incoming Request: GET /javascript/comman.js
2025-08-14 05:23:33 [INFO]: Incoming Request: GET /product/cart
2025-08-14 05:23:33 [INFO]: Incoming Request: GET /javascript/comman.js
2025-08-14 05:23:40 [INFO]: Incoming Request: GET /product/list/all
2025-08-14 05:24:13 [INFO]: Incoming Request: GET /product/cart
2025-08-14 05:24:13 [INFO]: Incoming Request: GET /javascript/comman.js
2025-08-14 05:24:15 [INFO]: Incoming Request: GET /product/cart
2025-08-14 05:24:15 [INFO]: Incoming Request: GET /javascript/comman.js
2025-08-14 05:24:16 [INFO]: Incoming Request: GET /product/cart
2025-08-14 05:24:16 [INFO]: Incoming Request: GET /javascript/comman.js
2025-08-14 05:24:17 [INFO]: Incoming Request: GET /checkout
2025-08-14 05:24:25 [INFO]: Incoming Request: GET /checkout
2025-08-14 05:24:26 [INFO]: Incoming Request: GET /checkout
2025-08-14 05:24:28 [INFO]: Incoming Request: GET /product/cart
2025-08-14 05:24:28 [INFO]: Incoming Request: GET /javascript/comman.js
2025-08-14 05:24:28 [INFO]: Incoming Request: GET /product/checkout
2025-08-14 05:24:28 [INFO]: Incoming Request: GET /docs/5.3/assets/brand/bootstrap-logo.svg
2025-08-14 05:24:28 [INFO]: Incoming Request: GET /javascript/comman.js
2025-08-14 05:24:47 [INFO]: Incoming Request: GET /product/checkout
2025-08-14 05:24:48 [INFO]: Incoming Request: GET /docs/5.3/assets/brand/bootstrap-logo.svg
2025-08-14 05:24:48 [INFO]: Incoming Request: GET /javascript/comman.js
2025-08-14 05:24:48 [INFO]: Incoming Request: GET /product/checkout
2025-08-14 05:24:48 [INFO]: Incoming Request: GET /docs/5.3/assets/brand/bootstrap-logo.svg
2025-08-14 05:24:48 [INFO]: Incoming Request: GET /javascript/comman.js
2025-08-14 05:24:48 [INFO]: Incoming Request: GET /product/checkout
2025-08-14 05:24:48 [INFO]: Incoming Request: GET /docs/5.3/assets/brand/bootstrap-logo.svg
2025-08-14 05:24:48 [INFO]: Incoming Request: GET /javascript/comman.js
2025-08-14 05:25:19 [INFO]: Incoming Request: GET /product/cart
2025-08-14 05:25:19 [INFO]: Incoming Request: GET /javascript/comman.js
2025-08-14 05:25:19 [INFO]: Incoming Request: GET /product/cart/data
2025-08-14 05:25:20 [INFO]: Incoming Request: GET /product/checkout
2025-08-14 05:25:20 [INFO]: Incoming Request: GET /docs/5.3/assets/brand/bootstrap-logo.svg
2025-08-14 05:25:20 [INFO]: Incoming Request: GET /javascript/comman.js
2025-08-14 05:28:06 [INFO]: Incoming Request: GET /product/checkout
2025-08-14 05:28:06 [INFO]: Incoming Request: GET /docs/5.3/assets/brand/bootstrap-logo.svg
2025-08-14 05:28:06 [INFO]: Incoming Request: GET /javascript/comman.js
2025-08-14 05:28:37 [INFO]: Incoming Request: GET /product/checkout
2025-08-14 05:28:37 [INFO]: Incoming Request: GET /javascript/comman.js
2025-08-14 05:28:43 [INFO]: Incoming Request: GET /product/checkout
2025-08-14 05:28:43 [INFO]: Incoming Request: GET /javascript/comman.js
2025-08-14 05:28:43 [INFO]: Incoming Request: GET /product/checkout
2025-08-14 05:28:43 [INFO]: Incoming Request: GET /javascript/comman.js
2025-08-14 05:28:47 [INFO]: Incoming Request: GET /product/checkout
2025-08-14 05:28:47 [INFO]: Incoming Request: GET /javascript/comman.js
2025-08-14 05:28:47 [INFO]: Incoming Request: GET /product/checkout
2025-08-14 05:28:47 [INFO]: Incoming Request: GET /javascript/comman.js
2025-08-14 05:28:54 [INFO]: Incoming Request: GET /product/checkout
2025-08-14 05:28:54 [INFO]: Incoming Request: GET /javascript/comman.js
2025-08-14 05:28:54 [INFO]: Incoming Request: GET /product/checkout
2025-08-14 05:28:54 [INFO]: Incoming Request: GET /javascript/comman.js
2025-08-14 05:28:59 [INFO]: Incoming Request: GET /product/checkout
2025-08-14 05:28:59 [INFO]: Incoming Request: GET /javascript/comman.js
2025-08-14 05:28:59 [INFO]: Incoming Request: GET /product/checkout
2025-08-14 05:28:59 [INFO]: Incoming Request: GET /javascript/comman.js
2025-08-14 05:28:59 [INFO]: Incoming Request: GET /product/checkout
2025-08-14 05:28:59 [INFO]: Incoming Request: GET /javascript/comman.js
2025-08-14 05:29:19 [INFO]: Incoming Request: GET /product/checkout
2025-08-14 05:29:19 [INFO]: Incoming Request: GET /javascript/comman.js
2025-08-14 05:29:20 [INFO]: Incoming Request: GET /product/checkout
2025-08-14 05:29:20 [INFO]: Incoming Request: GET /javascript/comman.js
2025-08-14 05:29:20 [INFO]: Incoming Request: GET /product/checkout
2025-08-14 05:29:20 [INFO]: Incoming Request: GET /javascript/comman.js
2025-08-14 05:29:20 [INFO]: Incoming Request: GET /product/checkout
2025-08-14 05:29:20 [INFO]: Incoming Request: GET /javascript/comman.js
2025-08-14 05:29:23 [INFO]: Incoming Request: GET /product/checkout
2025-08-14 05:29:23 [INFO]: Incoming Request: GET /javascript/comman.js
2025-08-14 05:29:23 [INFO]: Incoming Request: GET /product/checkout
2025-08-14 05:29:23 [INFO]: Incoming Request: GET /javascript/comman.js
2025-08-14 05:29:28 [INFO]: Incoming Request: GET /product/checkout
2025-08-14 05:29:28 [INFO]: Incoming Request: GET /javascript/comman.js
2025-08-14 05:29:29 [INFO]: Incoming Request: GET /product/checkout
2025-08-14 05:29:29 [INFO]: Incoming Request: GET /javascript/comman.js
2025-08-14 05:29:29 [INFO]: Incoming Request: GET /product/checkout
2025-08-14 05:29:29 [INFO]: Incoming Request: GET /javascript/comman.js
2025-08-14 05:29:32 [INFO]: Incoming Request: GET /product/checkout
2025-08-14 05:29:32 [INFO]: Incoming Request: GET /javascript/comman.js
2025-08-14 05:29:32 [INFO]: Incoming Request: GET /product/checkout
2025-08-14 05:29:32 [INFO]: Incoming Request: GET /javascript/comman.js
2025-08-14 05:29:36 [INFO]: Incoming Request: GET /product/checkout
2025-08-14 05:29:36 [INFO]: Incoming Request: GET /javascript/comman.js
2025-08-14 05:29:43 [INFO]: Incoming Request: GET /product/checkout
2025-08-14 05:29:43 [INFO]: Incoming Request: GET /javascript/comman.js
2025-08-14 05:29:43 [INFO]: Incoming Request: GET /product/checkout
2025-08-14 05:29:43 [INFO]: Incoming Request: GET /javascript/comman.js
2025-08-14 05:29:44 [INFO]: Incoming Request: GET /product/checkout
2025-08-14 05:29:44 [INFO]: Incoming Request: GET /javascript/comman.js
2025-08-14 05:29:44 [INFO]: Incoming Request: GET /product/checkout
2025-08-14 05:29:44 [INFO]: Incoming Request: GET /javascript/comman.js
2025-08-14 05:29:50 [INFO]: Incoming Request: GET /product/checkout
2025-08-14 05:29:50 [INFO]: Incoming Request: GET /javascript/comman.js
2025-08-14 05:29:50 [INFO]: Incoming Request: GET /product/checkout
2025-08-14 05:29:50 [INFO]: Incoming Request: GET /javascript/comman.js
2025-08-14 05:29:51 [INFO]: Incoming Request: GET /product/checkout
2025-08-14 05:29:51 [INFO]: Incoming Request: GET /javascript/comman.js
2025-08-14 05:29:51 [INFO]: Incoming Request: GET /product/checkout
2025-08-14 05:29:51 [INFO]: Incoming Request: GET /javascript/comman.js
2025-08-14 05:29:52 [INFO]: Incoming Request: GET /product/checkout
2025-08-14 05:29:52 [INFO]: Incoming Request: GET /javascript/comman.js
2025-08-14 05:29:54 [INFO]: Incoming Request: GET /product/checkout
2025-08-14 05:29:54 [INFO]: Incoming Request: GET /javascript/comman.js
2025-08-14 05:29:54 [INFO]: Incoming Request: GET /product/checkout
2025-08-14 05:29:54 [INFO]: Incoming Request: GET /javascript/comman.js
2025-08-14 05:30:03 [INFO]: Incoming Request: GET /product/checkout
2025-08-14 05:30:03 [INFO]: Incoming Request: GET /javascript/comman.js
2025-08-14 05:30:03 [INFO]: Incoming Request: GET /product/checkout
2025-08-14 05:30:03 [INFO]: Incoming Request: GET /javascript/comman.js
2025-08-14 05:30:03 [INFO]: Incoming Request: GET /product/checkout
2025-08-14 05:30:03 [INFO]: Incoming Request: GET /javascript/comman.js
2025-08-14 05:30:03 [INFO]: Incoming Request: GET /product/checkout
2025-08-14 05:30:03 [INFO]: Incoming Request: GET /javascript/comman.js
2025-08-14 05:30:04 [INFO]: Incoming Request: GET /product/checkout
2025-08-14 05:30:04 [INFO]: Incoming Request: GET /javascript/comman.js
2025-08-14 05:30:06 [INFO]: Incoming Request: GET /product/checkout
2025-08-14 05:30:06 [INFO]: Incoming Request: GET /javascript/comman.js
2025-08-14 05:30:07 [INFO]: Incoming Request: GET /product/checkout
2025-08-14 05:30:07 [INFO]: Incoming Request: GET /javascript/comman.js
2025-08-14 05:30:07 [INFO]: Incoming Request: GET /product/checkout
2025-08-14 05:30:07 [INFO]: Incoming Request: GET /javascript/comman.js
2025-08-14 05:30:07 [INFO]: Incoming Request: GET /product/checkout
2025-08-14 05:30:07 [INFO]: Incoming Request: GET /javascript/comman.js
2025-08-14 05:30:07 [INFO]: Incoming Request: GET /product/checkout
2025-08-14 05:30:07 [INFO]: Incoming Request: GET /javascript/comman.js
2025-08-14 05:30:07 [INFO]: Incoming Request: GET /product/checkout
2025-08-14 05:30:07 [INFO]: Incoming Request: GET /javascript/comman.js
2025-08-14 05:30:07 [INFO]: Incoming Request: GET /product/checkout
2025-08-14 05:30:07 [INFO]: Incoming Request: GET /javascript/comman.js
2025-08-14 06:07:35 [INFO]: Incoming Request: GET /product/checkout
2025-08-14 06:07:35 [INFO]: Incoming Request: GET /javascript/app.js
2025-08-14 06:07:39 [INFO]: Incoming Request: POST /api/orders
2025-08-14 06:08:04 [INFO]: Incoming Request: GET /product/checkout
2025-08-14 06:08:04 [INFO]: Incoming Request: GET /javascript/app.js
2025-08-14 06:08:39 [INFO]: Incoming Request: GET /product/checkout
2025-08-14 06:08:39 [INFO]: Incoming Request: GET /javascript/app.js
2025-08-14 06:08:44 [INFO]: Incoming Request: POST /api/orders
2025-08-14 06:08:55 [INFO]: Incoming Request: POST /api/orders
2025-08-14 06:09:00 [INFO]: Incoming Request: POST /api/orders
2025-08-14 06:09:03 [INFO]: Incoming Request: POST /api/orders
2025-08-14 06:09:03 [INFO]: Incoming Request: POST /api/orders
2025-08-14 06:09:13 [INFO]: Incoming Request: POST /api/orders
2025-08-14 06:19:58 [INFO]: Incoming Request: GET /product/checkout
2025-08-14 06:19:58 [INFO]: Incoming Request: GET /javascript/app.js
2025-08-14 06:19:59 [INFO]: Incoming Request: GET /.well-known/appspecific/com.chrome.devtools.json
2025-08-14 06:21:56 [INFO]: Incoming Request: GET /product/checkout
2025-08-14 06:21:56 [INFO]: Incoming Request: GET /.well-known/appspecific/com.chrome.devtools.json
2025-08-14 06:21:56 [INFO]: Incoming Request: GET /javascript/app.js
2025-08-14 06:22:00 [INFO]: Incoming Request: POST /api/orders
2025-08-14 06:22:17 [INFO]: Incoming Request: GET /product/checkout
2025-08-14 06:22:17 [INFO]: Incoming Request: GET /.well-known/appspecific/com.chrome.devtools.json
2025-08-14 06:22:17 [INFO]: Incoming Request: GET /javascript/app.js
2025-08-14 06:22:52 [INFO]: Incoming Request: POST /api/orders
2025-08-14 06:23:01 [INFO]: Incoming Request: GET /product/checkout
2025-08-14 06:23:02 [INFO]: Incoming Request: GET /.well-known/appspecific/com.chrome.devtools.json
2025-08-14 06:23:02 [INFO]: Incoming Request: GET /javascript/app.js
2025-08-14 06:23:06 [INFO]: Incoming Request: POST /api/orders
2025-08-14 06:24:44 [INFO]: Incoming Request: POST /api/orders
2025-08-14 06:30:10 [INFO]: Incoming Request: GET /product/checkout
2025-08-14 06:30:10 [INFO]: Incoming Request: GET /javascript/app.js
2025-08-14 06:30:10 [INFO]: Incoming Request: GET /.well-known/appspecific/com.chrome.devtools.json
2025-08-14 06:30:11 [INFO]: Incoming Request: POST /api/orders
2025-08-14 06:33:08 [INFO]: Incoming Request: POST /api/orders
2025-08-14 06:33:11 [INFO]: Incoming Request: GET /product/checkout
2025-08-14 06:33:11 [INFO]: Incoming Request: GET /.well-known/appspecific/com.chrome.devtools.json
2025-08-14 06:33:11 [INFO]: Incoming Request: GET /javascript/app.js
2025-08-14 06:38:10 [INFO]: Incoming Request: GET /product/checkout
2025-08-14 06:38:10 [INFO]: Incoming Request: GET /.well-known/appspecific/com.chrome.devtools.json
2025-08-14 06:38:10 [INFO]: Incoming Request: GET /javascript/app.js
2025-08-14 06:38:15 [INFO]: Incoming Request: POST /api/orders
2025-08-14 06:40:21 [INFO]: Incoming Request: POST /api/orders/5HF9548357247202F/capture
2025-08-14 07:42:41 [INFO]: Incoming Request: GET /product/checkout
2025-08-14 07:42:41 [INFO]: Incoming Request: GET /.well-known/appspecific/com.chrome.devtools.json
2025-08-14 07:42:41 [INFO]: Incoming Request: GET /javascript/comman.js
2025-08-14 07:42:47 [INFO]: Incoming Request: GET /product/checkout?paymentMethod=on
2025-08-14 07:42:47 [INFO]: Incoming Request: GET /.well-known/appspecific/com.chrome.devtools.json
2025-08-14 07:42:47 [INFO]: Incoming Request: GET /javascript/comman.js
2025-08-14 07:42:53 [INFO]: Incoming Request: GET /product/checkout?paymentMethod=on
2025-08-14 07:42:53 [INFO]: Incoming Request: GET /.well-known/appspecific/com.chrome.devtools.json
2025-08-14 07:42:53 [INFO]: Incoming Request: GET /javascript/comman.js
2025-08-14 07:43:08 [INFO]: Incoming Request: GET /product/checkout?paymentMethod=on
2025-08-14 07:43:08 [INFO]: Incoming Request: GET /.well-known/appspecific/com.chrome.devtools.json
2025-08-14 07:43:08 [INFO]: Incoming Request: GET /javascript/comman.js
2025-08-14 07:43:28 [INFO]: Incoming Request: GET /product/checkout?paymentMethod=on
2025-08-14 07:43:28 [INFO]: Incoming Request: GET /.well-known/appspecific/com.chrome.devtools.json
2025-08-14 07:43:28 [INFO]: Incoming Request: GET /javascript/comman.js
2025-08-14 07:43:44 [INFO]: Incoming Request: GET /product/checkout?paymentMethod=on
2025-08-14 07:43:44 [INFO]: Incoming Request: GET /.well-known/appspecific/com.chrome.devtools.json
2025-08-14 07:43:44 [INFO]: Incoming Request: GET /javascript/comman.js
2025-08-14 07:44:17 [INFO]: Incoming Request: GET /product/checkout
2025-08-14 07:44:17 [INFO]: Incoming Request: GET /.well-known/appspecific/com.chrome.devtools.json
2025-08-14 07:44:17 [INFO]: Incoming Request: GET /javascript/comman.js
2025-08-14 07:44:41 [INFO]: Incoming Request: GET /product/checkout
2025-08-14 07:44:41 [INFO]: Incoming Request: GET /.well-known/appspecific/com.chrome.devtools.json
2025-08-14 07:44:41 [INFO]: Incoming Request: GET /javascript/comman.js
2025-08-14 07:44:41 [INFO]: Incoming Request: GET /product/checkout
2025-08-14 07:44:42 [INFO]: Incoming Request: GET /.well-known/appspecific/com.chrome.devtools.json
2025-08-14 07:45:25 [INFO]: Incoming Request: GET /product/checkout
2025-08-14 07:45:25 [INFO]: Incoming Request: GET /.well-known/appspecific/com.chrome.devtools.json
2025-08-14 07:45:29 [INFO]: Incoming Request: GET /product/checkout
2025-08-14 07:45:29 [INFO]: Incoming Request: GET /.well-known/appspecific/com.chrome.devtools.json
2025-08-14 07:45:55 [INFO]: Incoming Request: GET /product/checkout
2025-08-14 07:45:55 [INFO]: Incoming Request: GET /.well-known/appspecific/com.chrome.devtools.json
2025-08-14 07:46:28 [INFO]: Incoming Request: GET /product/checkout
2025-08-14 07:46:28 [INFO]: Incoming Request: GET /.well-known/appspecific/com.chrome.devtools.json
2025-08-14 07:46:28 [INFO]: Incoming Request: GET /product/checkout
2025-08-14 07:46:28 [INFO]: Incoming Request: GET /.well-known/appspecific/com.chrome.devtools.json
2025-08-14 07:46:31 [INFO]: Incoming Request: GET /product/checkout
2025-08-14 07:46:31 [INFO]: Incoming Request: GET /.well-known/appspecific/com.chrome.devtools.json
2025-08-14 07:46:31 [INFO]: Incoming Request: GET /product/checkout
2025-08-14 07:46:31 [INFO]: Incoming Request: GET /.well-known/appspecific/com.chrome.devtools.json
2025-08-14 07:46:31 [INFO]: Incoming Request: GET /product/checkout
2025-08-14 07:46:31 [INFO]: Incoming Request: GET /.well-known/appspecific/com.chrome.devtools.json
2025-08-14 07:47:15 [INFO]: Incoming Request: GET /product/checkout
2025-08-14 07:47:15 [INFO]: Incoming Request: GET /.well-known/appspecific/com.chrome.devtools.json
2025-08-14 07:47:15 [INFO]: Incoming Request: GET /product/checkout
2025-08-14 07:47:15 [INFO]: Incoming Request: GET /.well-known/appspecific/com.chrome.devtools.json
2025-08-14 07:47:15 [INFO]: Incoming Request: GET /product/checkout
2025-08-14 07:47:15 [INFO]: Incoming Request: GET /.well-known/appspecific/com.chrome.devtools.json
2025-08-14 07:47:15 [INFO]: Incoming Request: GET /product/checkout
2025-08-14 07:47:16 [INFO]: Incoming Request: GET /.well-known/appspecific/com.chrome.devtools.json
2025-08-14 07:47:16 [INFO]: Incoming Request: GET /product/checkout
2025-08-14 07:47:16 [INFO]: Incoming Request: GET /.well-known/appspecific/com.chrome.devtools.json
2025-08-14 07:47:16 [INFO]: Incoming Request: GET /product/checkout
2025-08-14 07:47:16 [INFO]: Incoming Request: GET /.well-known/appspecific/com.chrome.devtools.json
2025-08-14 07:47:16 [INFO]: Incoming Request: GET /product/checkout
2025-08-14 07:47:16 [INFO]: Incoming Request: GET /.well-known/appspecific/com.chrome.devtools.json
2025-08-14 07:47:16 [INFO]: Incoming Request: GET /product/checkout
2025-08-14 07:47:16 [INFO]: Incoming Request: GET /.well-known/appspecific/com.chrome.devtools.json
2025-08-14 07:47:16 [INFO]: Incoming Request: GET /product/checkout
2025-08-14 07:47:16 [INFO]: Incoming Request: GET /.well-known/appspecific/com.chrome.devtools.json
2025-08-14 07:47:16 [INFO]: Incoming Request: GET /product/checkout
2025-08-14 07:47:17 [INFO]: Incoming Request: GET /.well-known/appspecific/com.chrome.devtools.json
2025-08-14 07:47:17 [INFO]: Incoming Request: GET /product/checkout
2025-08-14 07:47:17 [INFO]: Incoming Request: GET /.well-known/appspecific/com.chrome.devtools.json
2025-08-14 07:47:23 [INFO]: Incoming Request: GET /product/checkout
2025-08-14 07:47:23 [INFO]: Incoming Request: GET /.well-known/appspecific/com.chrome.devtools.json
2025-08-14 07:47:23 [INFO]: Incoming Request: POST /create/orderId
2025-08-14 07:47:23 [INFO]: Incoming Request: GET /product/checkout
2025-08-14 07:47:23 [INFO]: Incoming Request: GET /product/checkout
2025-08-14 07:47:23 [INFO]: Incoming Request: GET /.well-known/appspecific/com.chrome.devtools.json
2025-08-14 07:47:24 [INFO]: Incoming Request: GET /.well-known/appspecific/com.chrome.devtools.json
2025-08-14 07:47:24 [INFO]: Incoming Request: POST /create/orderId
2025-08-14 07:47:42 [INFO]: Incoming Request: GET /product/checkout
2025-08-14 07:47:42 [INFO]: Incoming Request: GET /.well-known/appspecific/com.chrome.devtools.json
2025-08-14 07:47:42 [INFO]: Incoming Request: POST /create/orderId
2025-08-14 07:48:37 [INFO]: Incoming Request: POST /api/payment/verify
2025-08-14 07:48:37 [INFO]: Incoming Request: GET /paymentsuccess
2025-08-14 07:48:37 [INFO]: Incoming Request: GET /.well-known/appspecific/com.chrome.devtools.json
2025-08-14 08:05:48 [INFO]: Incoming Request: GET /paymentsuccess
2025-08-14 08:05:48 [INFO]: Incoming Request: GET /.well-known/appspecific/com.chrome.devtools.json
2025-08-14 08:05:48 [INFO]: Incoming Request: GET /.well-known/appspecific/com.chrome.devtools.json
2025-08-14 08:05:49 [INFO]: Incoming Request: POST /create/orderId
2025-08-14 08:05:50 [INFO]: Incoming Request: GET /product/checkout
2025-08-14 08:05:50 [INFO]: Incoming Request: GET /.well-known/appspecific/com.chrome.devtools.json
2025-08-14 08:05:50 [INFO]: Incoming Request: POST /create/orderId
2025-08-14 08:12:32 [INFO]: Incoming Request: GET /product/checkout
2025-08-14 08:12:32 [INFO]: Incoming Request: GET /.well-known/appspecific/com.chrome.devtools.json
2025-08-14 08:12:32 [INFO]: Incoming Request: POST /create/orderId
2025-08-14 08:12:40 [INFO]: Incoming Request: GET /product/checkout
2025-08-14 08:12:40 [INFO]: Incoming Request: GET /.well-known/appspecific/com.chrome.devtools.json
2025-08-14 08:12:40 [INFO]: Incoming Request: POST /create/orderId
2025-08-14 08:12:42 [INFO]: Incoming Request: GET /product/checkout
2025-08-14 08:12:42 [INFO]: Incoming Request: GET /.well-known/appspecific/com.chrome.devtools.json
2025-08-14 08:12:42 [INFO]: Incoming Request: GET /product/checkout
2025-08-14 08:12:42 [INFO]: Incoming Request: GET /.well-known/appspecific/com.chrome.devtools.json
2025-08-14 08:12:42 [INFO]: Incoming Request: POST /create/orderId
2025-08-14 08:13:00 [INFO]: Incoming Request: GET /product/checkout
2025-08-14 08:13:00 [INFO]: Incoming Request: GET /.well-known/appspecific/com.chrome.devtools.json
2025-08-14 08:13:00 [INFO]: Incoming Request: POST /create/orderId
2025-08-14 08:13:08 [INFO]: Incoming Request: GET /product/checkout
2025-08-14 08:13:08 [INFO]: Incoming Request: GET /.well-known/appspecific/com.chrome.devtools.json
2025-08-14 08:13:08 [INFO]: Incoming Request: GET /product/checkout
2025-08-14 08:13:08 [INFO]: Incoming Request: POST /create/orderId
2025-08-14 08:13:08 [INFO]: Incoming Request: GET /.well-known/appspecific/com.chrome.devtools.json
2025-08-14 08:13:09 [INFO]: Incoming Request: POST /create/orderId
2025-08-14 08:13:16 [INFO]: Incoming Request: GET /product/checkout
2025-08-14 08:13:16 [INFO]: Incoming Request: GET /.well-known/appspecific/com.chrome.devtools.json
2025-08-14 08:13:16 [INFO]: Incoming Request: POST /create/orderId
2025-08-14 08:13:37 [INFO]: Incoming Request: GET /product/checkout
2025-08-14 08:13:37 [INFO]: Incoming Request: GET /.well-known/appspecific/com.chrome.devtools.json
2025-08-14 08:13:37 [INFO]: Incoming Request: GET /product/checkout
2025-08-14 08:13:37 [INFO]: Incoming Request: GET /.well-known/appspecific/com.chrome.devtools.json
2025-08-14 08:13:38 [INFO]: Incoming Request: POST /create/orderId
2025-08-14 08:13:47 [INFO]: Incoming Request: GET /product/checkout
2025-08-14 08:13:47 [INFO]: Incoming Request: GET /.well-known/appspecific/com.chrome.devtools.json
2025-08-14 08:13:48 [INFO]: Incoming Request: POST /create/orderId
2025-08-14 08:14:17 [INFO]: Incoming Request: GET /product/checkout
2025-08-14 08:14:17 [INFO]: Incoming Request: GET /.well-known/appspecific/com.chrome.devtools.json
2025-08-14 08:14:17 [INFO]: Incoming Request: POST /create/orderId
2025-08-14 08:14:30 [INFO]: Incoming Request: GET /product/checkout
2025-08-14 08:14:30 [INFO]: Incoming Request: GET /.well-known/appspecific/com.chrome.devtools.json
2025-08-14 08:14:31 [INFO]: Incoming Request: POST /create/orderId
2025-08-14 08:15:07 [INFO]: Incoming Request: GET /product/checkout
2025-08-14 08:15:07 [INFO]: Incoming Request: GET /.well-known/appspecific/com.chrome.devtools.json
2025-08-14 08:15:07 [INFO]: Incoming Request: GET /product/checkout
2025-08-14 08:15:07 [INFO]: Incoming Request: GET /.well-known/appspecific/com.chrome.devtools.json
2025-08-14 08:15:08 [INFO]: Incoming Request: POST /create/orderId
2025-08-14 08:15:29 [INFO]: Incoming Request: GET /product/checkout?
2025-08-14 08:15:29 [INFO]: Incoming Request: POST /create/orderId
2025-08-14 08:15:31 [INFO]: Incoming Request: GET /product/checkout?
2025-08-14 08:15:32 [INFO]: Incoming Request: POST /create/orderId
2025-08-14 08:15:43 [INFO]: Incoming Request: GET /product/checkout?
2025-08-14 08:15:43 [INFO]: Incoming Request: POST /create/orderId
2025-08-14 08:15:43 [INFO]: Incoming Request: GET /product/checkout?
2025-08-14 08:15:44 [INFO]: Incoming Request: POST /create/orderId
2025-08-14 08:15:44 [INFO]: Incoming Request: GET /product/checkout?
2025-08-14 08:15:44 [INFO]: Incoming Request: POST /create/orderId
2025-08-14 08:15:44 [INFO]: Incoming Request: GET /product/checkout?
2025-08-14 08:15:44 [INFO]: Incoming Request: POST /create/orderId
2025-08-14 08:15:54 [INFO]: Incoming Request: GET /product/checkout?
2025-08-14 08:15:54 [INFO]: Incoming Request: POST /create/orderId
2025-08-14 08:15:54 [INFO]: Incoming Request: GET /product/checkout?
2025-08-14 08:15:55 [INFO]: Incoming Request: POST /create/orderId
2025-08-14 08:15:55 [INFO]: Incoming Request: GET /product/checkout?
2025-08-14 08:15:55 [INFO]: Incoming Request: POST /create/orderId
2025-08-14 08:15:55 [INFO]: Incoming Request: GET /product/checkout?
2025-08-14 08:15:55 [INFO]: Incoming Request: POST /create/orderId
2025-08-14 08:16:27 [INFO]: Incoming Request: GET /product/checkout?
2025-08-14 08:16:27 [INFO]: Incoming Request: GET /product/checkout?
2025-08-14 08:16:27 [INFO]: Incoming Request: POST /create/orderId
2025-08-14 08:16:34 [INFO]: Incoming Request: GET /product/checkout?
2025-08-14 08:16:34 [INFO]: Incoming Request: POST /create/orderId
2025-08-14 08:16:35 [INFO]: Incoming Request: GET /product/checkout?
2025-08-14 08:16:35 [INFO]: Incoming Request: POST /create/orderId
2025-08-14 08:16:35 [INFO]: Incoming Request: GET /product/checkout?
2025-08-14 08:16:35 [INFO]: Incoming Request: POST /create/orderId
2025-08-14 08:16:39 [INFO]: Incoming Request: GET /product/checkout?
2025-08-14 08:16:39 [INFO]: Incoming Request: POST /create/orderId
2025-08-14 08:16:39 [INFO]: Incoming Request: GET /product/checkout?
2025-08-14 08:16:40 [INFO]: Incoming Request: GET /product/checkout?
2025-08-14 08:16:40 [INFO]: Incoming Request: POST /create/orderId
2025-08-14 08:16:40 [INFO]: Incoming Request: POST /create/orderId
2025-08-14 08:16:40 [INFO]: Incoming Request: GET /product/checkout?
2025-08-14 08:16:40 [INFO]: Incoming Request: POST /create/orderId
2025-08-14 08:16:40 [INFO]: Incoming Request: GET /product/checkout?
2025-08-14 08:16:40 [INFO]: Incoming Request: POST /create/orderId
2025-08-14 08:22:53 [INFO]: Incoming Request: GET /product/checkout?
2025-08-14 08:22:54 [INFO]: Incoming Request: POST /create/orderId
2025-08-14 08:23:02 [INFO]: Incoming Request: GET /product/checkout?
2025-08-14 08:23:02 [INFO]: Incoming Request: POST /create/orderId
2025-08-14 08:23:02 [INFO]: Incoming Request: GET /product/checkout?
2025-08-14 08:23:03 [INFO]: Incoming Request: POST /create/orderId
2025-08-14 08:23:04 [INFO]: Incoming Request: GET /.well-known/appspecific/com.chrome.devtools.json
2025-08-14 08:23:26 [INFO]: Incoming Request: GET /product/checkout?
2025-08-14 08:23:26 [INFO]: Incoming Request: GET /.well-known/appspecific/com.chrome.devtools.json
2025-08-14 08:23:26 [INFO]: Incoming Request: POST /create/orderId
2025-08-14 08:24:32 [INFO]: Incoming Request: GET /product/checkout?
2025-08-14 08:24:32 [INFO]: Incoming Request: GET /.well-known/appspecific/com.chrome.devtools.json
2025-08-14 08:24:32 [INFO]: Incoming Request: GET /product/checkout?
2025-08-14 08:24:32 [INFO]: Incoming Request: GET /.well-known/appspecific/com.chrome.devtools.json
2025-08-14 08:24:32 [INFO]: Incoming Request: POST /create/orderId
2025-08-14 08:24:43 [INFO]: Incoming Request: GET /product/checkout?
2025-08-14 08:24:43 [INFO]: Incoming Request: GET /.well-known/appspecific/com.chrome.devtools.json
2025-08-14 08:24:43 [INFO]: Incoming Request: GET /product/checkout?
2025-08-14 08:24:43 [INFO]: Incoming Request: GET /.well-known/appspecific/com.chrome.devtools.json
2025-08-14 08:24:43 [INFO]: Incoming Request: GET /product/checkout?
2025-08-14 08:24:43 [INFO]: Incoming Request: GET /.well-known/appspecific/com.chrome.devtools.json
2025-08-14 08:24:43 [INFO]: Incoming Request: POST /create/orderId
2025-08-14 08:26:02 [INFO]: Incoming Request: GET /product/checkout?
2025-08-14 08:26:02 [INFO]: Incoming Request: GET /.well-known/appspecific/com.chrome.devtools.json
2025-08-14 08:26:02 [INFO]: Incoming Request: POST /create/orderId
2025-08-14 08:27:48 [INFO]: Incoming Request: GET /product/checkout?
2025-08-14 08:27:48 [INFO]: Incoming Request: GET /.well-known/appspecific/com.chrome.devtools.json
2025-08-14 08:27:48 [INFO]: Incoming Request: GET /product/checkout?
2025-08-14 08:27:48 [INFO]: Incoming Request: GET /.well-known/appspecific/com.chrome.devtools.json
2025-08-14 08:27:49 [INFO]: Incoming Request: POST /create/orderId
2025-08-14 08:27:51 [INFO]: Incoming Request: GET /product/checkout?
2025-08-14 08:27:52 [INFO]: Incoming Request: GET /.well-known/appspecific/com.chrome.devtools.json
2025-08-14 08:27:52 [INFO]: Incoming Request: POST /create/orderId
2025-08-14 08:27:53 [INFO]: Incoming Request: GET /product/checkout?
2025-08-14 08:27:53 [INFO]: Incoming Request: GET /.well-known/appspecific/com.chrome.devtools.json
2025-08-14 08:27:53 [INFO]: Incoming Request: POST /create/orderId
2025-08-14 08:28:42 [INFO]: Incoming Request: GET /product/checkout?
2025-08-14 08:28:42 [INFO]: Incoming Request: GET /.well-known/appspecific/com.chrome.devtools.json
2025-08-14 08:28:42 [INFO]: Incoming Request: POST /create/orderId
2025-08-14 08:28:57 [INFO]: Incoming Request: GET /product/checkout?
2025-08-14 08:28:57 [INFO]: Incoming Request: GET /.well-known/appspecific/com.chrome.devtools.json
2025-08-14 08:28:57 [INFO]: Incoming Request: GET /product/checkout?
2025-08-14 08:28:57 [INFO]: Incoming Request: GET /.well-known/appspecific/com.chrome.devtools.json
2025-08-14 08:28:57 [INFO]: Incoming Request: GET /product/checkout?
2025-08-14 08:28:57 [INFO]: Incoming Request: GET /.well-known/appspecific/com.chrome.devtools.json
2025-08-14 08:28:58 [INFO]: Incoming Request: POST /create/orderId
2025-08-14 08:29:14 [INFO]: Incoming Request: GET /product/checkout?
2025-08-14 08:29:14 [INFO]: Incoming Request: GET /.well-known/appspecific/com.chrome.devtools.json
2025-08-14 08:29:14 [INFO]: Incoming Request: POST /create/orderId
2025-08-14 08:29:29 [INFO]: Incoming Request: GET /product/checkout?
2025-08-14 08:29:29 [INFO]: Incoming Request: GET /.well-known/appspecific/com.chrome.devtools.json
2025-08-14 08:29:29 [INFO]: Incoming Request: GET /product/checkout?
2025-08-14 08:29:29 [INFO]: Incoming Request: GET /.well-known/appspecific/com.chrome.devtools.json
2025-08-14 08:29:29 [INFO]: Incoming Request: GET /product/checkout?
2025-08-14 08:29:29 [INFO]: Incoming Request: GET /.well-known/appspecific/com.chrome.devtools.json
2025-08-14 08:29:29 [INFO]: Incoming Request: GET /product/checkout?
2025-08-14 08:29:29 [INFO]: Incoming Request: GET /.well-known/appspecific/com.chrome.devtools.json
2025-08-14 08:29:29 [INFO]: Incoming Request: GET /product/checkout?
2025-08-14 08:29:29 [INFO]: Incoming Request: GET /.well-known/appspecific/com.chrome.devtools.json
2025-08-14 08:29:29 [INFO]: Incoming Request: GET /product/checkout?
2025-08-14 08:29:29 [INFO]: Incoming Request: GET /.well-known/appspecific/com.chrome.devtools.json
2025-08-14 08:29:29 [INFO]: Incoming Request: GET /product/checkout?
2025-08-14 08:29:29 [INFO]: Incoming Request: GET /.well-known/appspecific/com.chrome.devtools.json
2025-08-14 08:29:30 [INFO]: Incoming Request: POST /create/orderId
2025-08-14 08:29:34 [INFO]: Incoming Request: GET /product/checkout?
2025-08-14 08:29:34 [INFO]: Incoming Request: GET /.well-known/appspecific/com.chrome.devtools.json
2025-08-14 08:29:34 [INFO]: Incoming Request: GET /product/checkout?
2025-08-14 08:29:34 [INFO]: Incoming Request: GET /.well-known/appspecific/com.chrome.devtools.json
2025-08-14 08:29:34 [INFO]: Incoming Request: GET /product/checkout?
2025-08-14 08:29:34 [INFO]: Incoming Request: GET /.well-known/appspecific/com.chrome.devtools.json
2025-08-14 08:29:34 [INFO]: Incoming Request: GET /product/checkout?
2025-08-14 08:29:34 [INFO]: Incoming Request: GET /.well-known/appspecific/com.chrome.devtools.json
2025-08-14 08:29:34 [INFO]: Incoming Request: GET /product/checkout?
2025-08-14 08:29:34 [INFO]: Incoming Request: GET /.well-known/appspecific/com.chrome.devtools.json
2025-08-14 08:29:34 [INFO]: Incoming Request: GET /product/checkout?
2025-08-14 08:29:34 [INFO]: Incoming Request: GET /.well-known/appspecific/com.chrome.devtools.json
2025-08-14 08:29:34 [INFO]: Incoming Request: GET /product/checkout?
2025-08-14 08:29:34 [INFO]: Incoming Request: GET /.well-known/appspecific/com.chrome.devtools.json
2025-08-14 08:29:35 [INFO]: Incoming Request: GET /product/checkout?
2025-08-14 08:29:35 [INFO]: Incoming Request: GET /.well-known/appspecific/com.chrome.devtools.json
2025-08-14 08:29:35 [INFO]: Incoming Request: POST /create/orderId
2025-08-14 08:29:51 [INFO]: Incoming Request: GET /product/checkout?
2025-08-14 08:29:51 [INFO]: Incoming Request: GET /.well-known/appspecific/com.chrome.devtools.json
2025-08-14 08:29:51 [INFO]: Incoming Request: GET /product/checkout?
2025-08-14 08:29:51 [INFO]: Incoming Request: GET /.well-known/appspecific/com.chrome.devtools.json
2025-08-14 08:29:51 [INFO]: Incoming Request: GET /product/checkout?
2025-08-14 08:29:51 [INFO]: Incoming Request: GET /.well-known/appspecific/com.chrome.devtools.json
2025-08-14 08:29:51 [INFO]: Incoming Request: GET /product/checkout?
2025-08-14 08:29:51 [INFO]: Incoming Request: GET /.well-known/appspecific/com.chrome.devtools.json
2025-08-14 08:29:51 [INFO]: Incoming Request: POST /create/orderId
2025-08-14 08:30:12 [INFO]: Incoming Request: GET /product/checkout?
2025-08-14 08:30:12 [INFO]: Incoming Request: GET /.well-known/appspecific/com.chrome.devtools.json
2025-08-14 08:30:12 [INFO]: Incoming Request: GET /product/checkout?
2025-08-14 08:30:12 [INFO]: Incoming Request: GET /.well-known/appspecific/com.chrome.devtools.json
2025-08-14 08:30:12 [INFO]: Incoming Request: GET /product/checkout?
2025-08-14 08:30:12 [INFO]: Incoming Request: GET /.well-known/appspecific/com.chrome.devtools.json
2025-08-14 08:30:12 [INFO]: Incoming Request: GET /product/checkout?
2025-08-14 08:30:12 [INFO]: Incoming Request: GET /.well-known/appspecific/com.chrome.devtools.json
2025-08-14 08:30:12 [INFO]: Incoming Request: GET /product/checkout?
2025-08-14 08:30:12 [INFO]: Incoming Request: GET /.well-known/appspecific/com.chrome.devtools.json
2025-08-14 08:30:12 [INFO]: Incoming Request: POST /create/orderId
2025-08-14 08:30:51 [INFO]: Incoming Request: GET /product/checkout?
2025-08-14 08:30:51 [INFO]: Incoming Request: GET /.well-known/appspecific/com.chrome.devtools.json
2025-08-14 08:30:51 [INFO]: Incoming Request: GET /product/checkout?
2025-08-14 08:30:51 [INFO]: Incoming Request: GET /.well-known/appspecific/com.chrome.devtools.json
2025-08-14 08:30:51 [INFO]: Incoming Request: POST /create/orderId
2025-08-14 08:30:55 [INFO]: Incoming Request: GET /product/checkout?
2025-08-14 08:30:55 [INFO]: Incoming Request: GET /.well-known/appspecific/com.chrome.devtools.json
2025-08-14 08:30:55 [INFO]: Incoming Request: POST /create/orderId
2025-08-14 08:31:12 [INFO]: Incoming Request: GET /product/checkout?
2025-08-14 08:31:12 [INFO]: Incoming Request: GET /.well-known/appspecific/com.chrome.devtools.json
2025-08-14 08:31:12 [INFO]: Incoming Request: GET /product/checkout?
2025-08-14 08:31:12 [INFO]: Incoming Request: GET /.well-known/appspecific/com.chrome.devtools.json
2025-08-14 08:31:12 [INFO]: Incoming Request: GET /product/checkout?
2025-08-14 08:31:12 [INFO]: Incoming Request: GET /.well-known/appspecific/com.chrome.devtools.json
2025-08-14 08:31:12 [INFO]: Incoming Request: GET /product/checkout?
2025-08-14 08:31:12 [INFO]: Incoming Request: GET /.well-known/appspecific/com.chrome.devtools.json
2025-08-14 08:31:13 [INFO]: Incoming Request: GET /product/checkout?
2025-08-14 08:31:13 [INFO]: Incoming Request: GET /.well-known/appspecific/com.chrome.devtools.json
2025-08-14 08:31:13 [INFO]: Incoming Request: GET /product/checkout?
2025-08-14 08:31:13 [INFO]: Incoming Request: GET /.well-known/appspecific/com.chrome.devtools.json
2025-08-14 08:31:13 [INFO]: Incoming Request: GET /product/checkout?
2025-08-14 08:31:13 [INFO]: Incoming Request: GET /.well-known/appspecific/com.chrome.devtools.json
2025-08-14 08:31:13 [INFO]: Incoming Request: GET /product/checkout?
2025-08-14 08:31:13 [INFO]: Incoming Request: GET /.well-known/appspecific/com.chrome.devtools.json
2025-08-14 08:31:13 [INFO]: Incoming Request: POST /create/orderId
2025-08-14 08:31:18 [INFO]: Incoming Request: GET /product/checkout?
2025-08-14 08:31:18 [INFO]: Incoming Request: GET /.well-known/appspecific/com.chrome.devtools.json
2025-08-14 08:31:18 [INFO]: Incoming Request: GET /product/checkout?
2025-08-14 08:31:18 [INFO]: Incoming Request: GET /.well-known/appspecific/com.chrome.devtools.json
2025-08-14 08:31:18 [INFO]: Incoming Request: GET /product/checkout?
2025-08-14 08:31:18 [INFO]: Incoming Request: GET /.well-known/appspecific/com.chrome.devtools.json
2025-08-14 08:31:18 [INFO]: Incoming Request: GET /product/checkout?
2025-08-14 08:31:18 [INFO]: Incoming Request: GET /.well-known/appspecific/com.chrome.devtools.json
2025-08-14 08:31:18 [INFO]: Incoming Request: POST /create/orderId
2025-08-14 08:31:27 [INFO]: Incoming Request: GET /product/checkout?
2025-08-14 08:31:27 [INFO]: Incoming Request: GET /.well-known/appspecific/com.chrome.devtools.json
2025-08-14 08:31:28 [INFO]: Incoming Request: GET /product/checkout?
2025-08-14 08:31:28 [INFO]: Incoming Request: GET /.well-known/appspecific/com.chrome.devtools.json
2025-08-14 08:31:28 [INFO]: Incoming Request: GET /product/checkout?
2025-08-14 08:31:28 [INFO]: Incoming Request: GET /.well-known/appspecific/com.chrome.devtools.json
2025-08-14 08:31:28 [INFO]: Incoming Request: GET /product/checkout?
2025-08-14 08:31:28 [INFO]: Incoming Request: GET /.well-known/appspecific/com.chrome.devtools.json
2025-08-14 08:31:28 [INFO]: Incoming Request: GET /product/checkout?
2025-08-14 08:31:28 [INFO]: Incoming Request: GET /.well-known/appspecific/com.chrome.devtools.json
2025-08-14 08:31:28 [INFO]: Incoming Request: GET /product/checkout?
2025-08-14 08:31:28 [INFO]: Incoming Request: GET /.well-known/appspecific/com.chrome.devtools.json
2025-08-14 08:31:28 [INFO]: Incoming Request: GET /product/checkout?
2025-08-14 08:31:28 [INFO]: Incoming Request: GET /.well-known/appspecific/com.chrome.devtools.json
2025-08-14 08:31:28 [INFO]: Incoming Request: POST /create/orderId
2025-08-14 08:31:34 [INFO]: Incoming Request: GET /product/checkout?
2025-08-14 08:31:34 [INFO]: Incoming Request: GET /.well-known/appspecific/com.chrome.devtools.json
2025-08-14 08:31:34 [INFO]: Incoming Request: GET /product/checkout?
2025-08-14 08:31:34 [INFO]: Incoming Request: GET /.well-known/appspecific/com.chrome.devtools.json
2025-08-14 08:31:34 [INFO]: Incoming Request: POST /create/orderId
2025-08-14 08:31:41 [INFO]: Incoming Request: GET /product/checkout?
2025-08-14 08:31:41 [INFO]: Incoming Request: GET /.well-known/appspecific/com.chrome.devtools.json
2025-08-14 08:31:41 [INFO]: Incoming Request: GET /product/checkout?
2025-08-14 08:31:41 [INFO]: Incoming Request: GET /.well-known/appspecific/com.chrome.devtools.json
2025-08-14 08:31:41 [INFO]: Incoming Request: GET /product/checkout?
2025-08-14 08:31:41 [INFO]: Incoming Request: GET /.well-known/appspecific/com.chrome.devtools.json
2025-08-14 08:31:41 [INFO]: Incoming Request: GET /product/checkout?
2025-08-14 08:31:41 [INFO]: Incoming Request: GET /.well-known/appspecific/com.chrome.devtools.json
2025-08-14 08:31:41 [INFO]: Incoming Request: GET /product/checkout?
2025-08-14 08:31:42 [INFO]: Incoming Request: GET /.well-known/appspecific/com.chrome.devtools.json
2025-08-14 08:31:42 [INFO]: Incoming Request: GET /product/checkout?
2025-08-14 08:31:42 [INFO]: Incoming Request: GET /.well-known/appspecific/com.chrome.devtools.json
2025-08-14 08:31:42 [INFO]: Incoming Request: POST /create/orderId
2025-08-14 08:31:46 [INFO]: Incoming Request: GET /product/checkout?
2025-08-14 08:31:46 [INFO]: Incoming Request: GET /.well-known/appspecific/com.chrome.devtools.json
2025-08-14 08:31:46 [INFO]: Incoming Request: GET /product/checkout?
2025-08-14 08:31:46 [INFO]: Incoming Request: GET /.well-known/appspecific/com.chrome.devtools.json
2025-08-14 08:31:46 [INFO]: Incoming Request: POST /create/orderId
2025-08-14 08:31:57 [INFO]: Incoming Request: GET /product/checkout?
2025-08-14 08:31:57 [INFO]: Incoming Request: GET /.well-known/appspecific/com.chrome.devtools.json
2025-08-14 08:31:58 [INFO]: Incoming Request: GET /product/checkout?
2025-08-14 08:31:58 [INFO]: Incoming Request: GET /.well-known/appspecific/com.chrome.devtools.json
2025-08-14 08:31:58 [INFO]: Incoming Request: GET /product/checkout?
2025-08-14 08:31:58 [INFO]: Incoming Request: GET /.well-known/appspecific/com.chrome.devtools.json
2025-08-14 08:31:58 [INFO]: Incoming Request: GET /product/checkout?
2025-08-14 08:31:58 [INFO]: Incoming Request: GET /product/checkout?
2025-08-14 08:31:58 [INFO]: Incoming Request: GET /.well-known/appspecific/com.chrome.devtools.json
2025-08-14 08:31:58 [INFO]: Incoming Request: GET /.well-known/appspecific/com.chrome.devtools.json
2025-08-14 08:31:58 [INFO]: Incoming Request: POST /create/orderId
2025-08-14 08:34:49 [INFO]: Incoming Request: GET /product/checkout?
2025-08-14 08:34:49 [INFO]: Incoming Request: GET /.well-known/appspecific/com.chrome.devtools.json
2025-08-14 08:34:49 [INFO]: Incoming Request: POST /create/orderId
2025-08-14 08:34:50 [INFO]: Incoming Request: GET /product/cart/data
2025-08-14 08:36:33 [INFO]: Incoming Request: GET /product/checkout?
2025-08-14 08:36:34 [INFO]: Incoming Request: GET /.well-known/appspecific/com.chrome.devtools.json
2025-08-14 08:36:34 [INFO]: Incoming Request: POST /create/orderId
2025-08-14 08:36:35 [INFO]: Incoming Request: GET /product/cart/data
2025-08-14 08:36:57 [INFO]: Incoming Request: GET /product/checkout?
2025-08-14 08:36:57 [INFO]: Incoming Request: GET /.well-known/appspecific/com.chrome.devtools.json
2025-08-14 08:36:58 [INFO]: Incoming Request: POST /create/orderId
2025-08-14 08:36:58 [INFO]: Incoming Request: GET /product/cart/data
2025-08-14 08:37:06 [INFO]: Incoming Request: GET /product/checkout?
2025-08-14 08:37:06 [INFO]: Incoming Request: GET /.well-known/appspecific/com.chrome.devtools.json
2025-08-14 08:37:06 [INFO]: Incoming Request: POST /create/orderId
2025-08-14 08:37:06 [INFO]: Incoming Request: GET /product/cart/data
2025-08-14 08:37:13 [INFO]: Incoming Request: GET /
2025-08-14 08:37:13 [INFO]: Incoming Request: GET /.well-known/appspecific/com.chrome.devtools.json
2025-08-14 08:37:13 [INFO]: Incoming Request: GET /javascript/comman.js
2025-08-14 08:37:15 [INFO]: Incoming Request: GET /product/list/all
2025-08-14 08:37:15 [INFO]: Incoming Request: GET /.well-known/appspecific/com.chrome.devtools.json
2025-08-14 08:37:16 [INFO]: Incoming Request: POST /product/add/cart
2025-08-14 08:37:19 [INFO]: Incoming Request: GET /product/cart
2025-08-14 08:37:19 [INFO]: Incoming Request: GET /javascript/comman.js
2025-08-14 08:37:19 [INFO]: Incoming Request: GET /.well-known/appspecific/com.chrome.devtools.json
2025-08-14 08:37:19 [INFO]: Incoming Request: GET /product/cart/data
2025-08-14 08:37:20 [INFO]: Incoming Request: GET /product/checkout
2025-08-14 08:37:20 [INFO]: Incoming Request: GET /.well-known/appspecific/com.chrome.devtools.json
2025-08-14 08:37:21 [INFO]: Incoming Request: POST /create/orderId
2025-08-14 08:37:22 [INFO]: Incoming Request: GET /product/cart/data
2025-08-14 08:38:54 [INFO]: Incoming Request: GET /product/checkout
2025-08-14 08:38:54 [INFO]: Incoming Request: GET /.well-known/appspecific/com.chrome.devtools.json
2025-08-14 08:38:54 [INFO]: Incoming Request: GET /product/checkout
2025-08-14 08:38:55 [INFO]: Incoming Request: GET /.well-known/appspecific/com.chrome.devtools.json
2025-08-14 08:38:55 [INFO]: Incoming Request: POST /create/orderId
2025-08-14 08:38:55 [INFO]: Incoming Request: GET /product/cart/data
2025-08-14 08:39:31 [INFO]: Incoming Request: GET /product/checkout
2025-08-14 08:39:31 [INFO]: Incoming Request: GET /.well-known/appspecific/com.chrome.devtools.json
2025-08-14 08:39:31 [INFO]: Incoming Request: GET /product/checkout
2025-08-14 08:39:31 [INFO]: Incoming Request: GET /.well-known/appspecific/com.chrome.devtools.json
2025-08-14 08:39:31 [INFO]: Incoming Request: GET /product/checkout
2025-08-14 08:39:31 [INFO]: Incoming Request: GET /.well-known/appspecific/com.chrome.devtools.json
2025-08-14 08:39:31 [INFO]: Incoming Request: GET /product/checkout
2025-08-14 08:39:31 [INFO]: Incoming Request: GET /.well-known/appspecific/com.chrome.devtools.json
2025-08-14 08:39:31 [INFO]: Incoming Request: POST /create/orderId
2025-08-14 08:39:32 [INFO]: Incoming Request: GET /product/cart/data
2025-08-14 08:39:38 [INFO]: Incoming Request: GET /product/checkout
2025-08-14 08:39:38 [INFO]: Incoming Request: GET /.well-known/appspecific/com.chrome.devtools.json
2025-08-14 08:39:39 [INFO]: Incoming Request: GET /product/checkout
2025-08-14 08:39:39 [INFO]: Incoming Request: GET /.well-known/appspecific/com.chrome.devtools.json
2025-08-14 08:39:39 [INFO]: Incoming Request: GET /product/checkout
2025-08-14 08:39:39 [INFO]: Incoming Request: GET /.well-known/appspecific/com.chrome.devtools.json
2025-08-14 08:39:39 [INFO]: Incoming Request: POST /create/orderId
2025-08-14 08:39:40 [INFO]: Incoming Request: GET /product/cart/data
2025-08-14 08:39:42 [INFO]: Incoming Request: GET /product/checkout
2025-08-14 08:39:42 [INFO]: Incoming Request: GET /.well-known/appspecific/com.chrome.devtools.json
2025-08-14 08:39:42 [INFO]: Incoming Request: POST /create/orderId
2025-08-14 08:39:43 [INFO]: Incoming Request: GET /product/cart/data
2025-08-14 08:39:55 [INFO]: Incoming Request: GET /product/checkout
2025-08-14 08:39:55 [INFO]: Incoming Request: GET /.well-known/appspecific/com.chrome.devtools.json
2025-08-14 08:39:56 [INFO]: Incoming Request: POST /create/orderId
2025-08-14 08:39:56 [INFO]: Incoming Request: GET /product/cart/data
2025-08-14 08:40:34 [INFO]: Incoming Request: GET /product/checkout
2025-08-14 08:40:34 [INFO]: Incoming Request: GET /.well-known/appspecific/com.chrome.devtools.json
2025-08-14 08:40:34 [INFO]: Incoming Request: GET /product/checkout
2025-08-14 08:40:34 [INFO]: Incoming Request: GET /.well-known/appspecific/com.chrome.devtools.json
2025-08-14 08:40:34 [INFO]: Incoming Request: GET /product/checkout
2025-08-14 08:40:34 [INFO]: Incoming Request: GET /.well-known/appspecific/com.chrome.devtools.json
2025-08-14 08:40:34 [INFO]: Incoming Request: POST /create/orderId
2025-08-14 08:40:35 [INFO]: Incoming Request: GET /product/cart/data
2025-08-14 08:40:38 [INFO]: Incoming Request: GET /product/checkout
2025-08-14 08:40:38 [INFO]: Incoming Request: GET /.well-known/appspecific/com.chrome.devtools.json
2025-08-14 08:40:38 [INFO]: Incoming Request: GET /product/checkout
2025-08-14 08:40:39 [INFO]: Incoming Request: GET /.well-known/appspecific/com.chrome.devtools.json
2025-08-14 08:40:39 [INFO]: Incoming Request: POST /create/orderId
2025-08-14 08:40:39 [INFO]: Incoming Request: GET /product/cart/data
2025-08-14 08:40:52 [INFO]: Incoming Request: GET /product/checkout
2025-08-14 08:40:52 [INFO]: Incoming Request: GET /.well-known/appspecific/com.chrome.devtools.json
2025-08-14 08:40:52 [INFO]: Incoming Request: POST /create/orderId
2025-08-14 08:40:53 [INFO]: Incoming Request: GET /product/cart/data
2025-08-14 08:40:58 [INFO]: Incoming Request: GET /product/checkout
2025-08-14 08:40:58 [INFO]: Incoming Request: GET /.well-known/appspecific/com.chrome.devtools.json
2025-08-14 08:40:58 [INFO]: Incoming Request: GET /product/checkout
2025-08-14 08:40:58 [INFO]: Incoming Request: GET /.well-known/appspecific/com.chrome.devtools.json
2025-08-14 08:40:58 [INFO]: Incoming Request: GET /product/checkout
2025-08-14 08:40:58 [INFO]: Incoming Request: GET /.well-known/appspecific/com.chrome.devtools.json
2025-08-14 08:40:58 [INFO]: Incoming Request: POST /create/orderId
2025-08-14 08:40:59 [INFO]: Incoming Request: GET /product/cart/data
2025-08-14 08:47:27 [INFO]: Incoming Request: GET /product/checkout
2025-08-14 08:47:27 [INFO]: Incoming Request: GET /.well-known/appspecific/com.chrome.devtools.json
2025-08-14 08:47:27 [INFO]: Incoming Request: POST /create/orderId
2025-08-14 08:47:28 [INFO]: Incoming Request: GET /product/cart/data
2025-08-14 09:50:41 [INFO]: Incoming Request: GET /product/checkout
2025-08-14 09:50:41 [INFO]: Incoming Request: GET /.well-known/appspecific/com.chrome.devtools.json
2025-08-14 09:50:42 [INFO]: Incoming Request: POST /create/orderId
2025-08-14 09:50:42 [INFO]: Incoming Request: GET /product/cart/data
2025-08-14 10:02:00 [INFO]: Incoming Request: GET /product/checkout
2025-08-14 10:02:00 [INFO]: Incoming Request: GET /.well-known/appspecific/com.chrome.devtools.json
2025-08-14 10:02:00 [INFO]: Incoming Request: POST /create/orderId
2025-08-14 10:02:01 [INFO]: Incoming Request: GET /product/cart/data
2025-08-14 10:03:05 [INFO]: Incoming Request: GET /product/checkout
2025-08-14 10:03:05 [INFO]: Incoming Request: GET /.well-known/appspecific/com.chrome.devtools.json
2025-08-14 10:03:06 [INFO]: Incoming Request: POST /create/orderId
2025-08-14 10:03:06 [INFO]: Incoming Request: GET /product/cart/data
2025-08-14 10:03:49 [INFO]: Incoming Request: GET /product/checkout
2025-08-14 10:03:49 [INFO]: Incoming Request: GET /.well-known/appspecific/com.chrome.devtools.json
2025-08-14 10:03:50 [INFO]: Incoming Request: POST /create/orderId
2025-08-14 10:03:50 [INFO]: Incoming Request: GET /product/cart/data
2025-08-14 11:09:17 [INFO]: Incoming Request: GET /product/checkout
2025-08-14 11:09:17 [INFO]: Incoming Request: GET /.well-known/appspecific/com.chrome.devtools.json
2025-08-14 11:09:18 [INFO]: Incoming Request: POST /create/orderId
2025-08-14 11:09:18 [INFO]: Incoming Request: GET /product/cart/data
2025-08-14 12:10:55 [INFO]: Incoming Request: GET /product/checkout
2025-08-14 12:10:55 [INFO]: Incoming Request: GET /.well-known/appspecific/com.chrome.devtools.json
2025-08-14 12:11:01 [INFO]: Incoming Request: POST /create/orderId
2025-08-14 12:11:07 [INFO]: Incoming Request: GET /product/cart/data
2025-08-14 12:11:39 [INFO]: Incoming Request: GET /product/checkout
2025-08-14 12:11:39 [INFO]: Incoming Request: GET /.well-known/appspecific/com.chrome.devtools.json
2025-08-14 12:11:40 [INFO]: Incoming Request: GET /product/cart/data
2025-08-14 12:11:49 [INFO]: Incoming Request: GET /product/checkout
2025-08-14 12:11:49 [INFO]: Incoming Request: GET /.well-known/appspecific/com.chrome.devtools.json
2025-08-14 12:11:51 [INFO]: Incoming Request: GET /product/cart/data
2025-08-14 12:12:41 [INFO]: Incoming Request: GET /product/checkout
2025-08-14 12:12:41 [INFO]: Incoming Request: GET /.well-known/appspecific/com.chrome.devtools.json
2025-08-14 12:12:43 [INFO]: Incoming Request: GET /product/cart/data
2025-08-14 12:12:49 [INFO]: Incoming Request: GET /product/checkout
2025-08-14 12:12:49 [INFO]: Incoming Request: GET /.well-known/appspecific/com.chrome.devtools.json
2025-08-14 12:12:51 [INFO]: Incoming Request: GET /product/cart/data
2025-08-14 12:13:33 [INFO]: Incoming Request: GET /product/checkout
2025-08-14 12:13:33 [INFO]: Incoming Request: GET /.well-known/appspecific/com.chrome.devtools.json
2025-08-14 12:13:33 [INFO]: Incoming Request: POST /create/orderId
2025-08-14 12:13:34 [INFO]: Incoming Request: GET /product/cart/data
2025-08-14 12:14:06 [INFO]: Incoming Request: GET /product/checkout
2025-08-14 12:14:08 [INFO]: Incoming Request: POST /create/orderId
2025-08-14 12:14:08 [INFO]: Incoming Request: GET /product/cart/data
2025-08-14 12:14:08 [INFO]: Incoming Request: GET /.well-known/appspecific/com.chrome.devtools.json
2025-08-14 12:14:24 [INFO]: Incoming Request: GET /product/checkout
2025-08-14 12:14:24 [INFO]: Incoming Request: GET /.well-known/appspecific/com.chrome.devtools.json
2025-08-14 12:14:24 [INFO]: Incoming Request: POST /create/orderId
2025-08-14 12:14:25 [INFO]: Incoming Request: GET /product/cart/data
2025-08-14 12:15:12 [INFO]: Incoming Request: GET /product/checkout
2025-08-14 12:15:12 [INFO]: Incoming Request: GET /.well-known/appspecific/com.chrome.devtools.json
2025-08-14 12:15:15 [INFO]: Incoming Request: POST /create/orderId
2025-08-14 12:15:15 [INFO]: Incoming Request: GET /product/cart/data
2025-08-14 12:15:29 [INFO]: Incoming Request: GET /product/checkout
2025-08-14 12:15:29 [INFO]: Incoming Request: GET /.well-known/appspecific/com.chrome.devtools.json
2025-08-14 12:15:29 [INFO]: Incoming Request: GET /product/checkout
2025-08-14 12:15:29 [INFO]: Incoming Request: GET /.well-known/appspecific/com.chrome.devtools.json
2025-08-14 12:15:31 [INFO]: Incoming Request: POST /create/orderId
2025-08-14 12:15:31 [INFO]: Incoming Request: GET /product/cart/data
2025-08-14 12:15:45 [INFO]: Incoming Request: GET /product/checkout
2025-08-14 12:15:45 [INFO]: Incoming Request: GET /.well-known/appspecific/com.chrome.devtools.json
2025-08-14 12:15:47 [INFO]: Incoming Request: POST /create/orderId
2025-08-14 12:15:47 [INFO]: Incoming Request: GET /product/cart/data
2025-08-14 12:20:28 [INFO]: Incoming Request: GET /product/checkout
2025-08-14 12:20:28 [INFO]: Incoming Request: GET /.well-known/appspecific/com.chrome.devtools.json
2025-08-14 12:20:28 [INFO]: Incoming Request: POST /create/orderId
2025-08-14 12:20:29 [INFO]: Incoming Request: GET /product/cart/data
2025-08-14 12:20:39 [INFO]: Incoming Request: GET /product/checkout
2025-08-14 12:20:39 [INFO]: Incoming Request: GET /.well-known/appspecific/com.chrome.devtools.json
2025-08-14 12:20:39 [INFO]: Incoming Request: POST /create/orderId
2025-08-14 12:20:40 [INFO]: Incoming Request: GET /product/cart/data
2025-08-14 12:20:51 [INFO]: Incoming Request: GET /product/checkout
2025-08-14 12:20:51 [INFO]: Incoming Request: GET /.well-known/appspecific/com.chrome.devtools.json
2025-08-14 12:20:51 [INFO]: Incoming Request: POST /create/orderId
2025-08-14 12:20:52 [INFO]: Incoming Request: GET /product/cart/data
2025-08-14 12:21:32 [INFO]: Incoming Request: GET /product/checkout
2025-08-14 12:21:32 [INFO]: Incoming Request: GET /.well-known/appspecific/com.chrome.devtools.json
2025-08-14 12:21:33 [INFO]: Incoming Request: POST /create/orderId
2025-08-14 12:21:34 [INFO]: Incoming Request: GET /product/cart/data
2025-08-14 12:22:11 [INFO]: Incoming Request: GET /product/checkout
2025-08-14 12:22:11 [INFO]: Incoming Request: GET /.well-known/appspecific/com.chrome.devtools.json
2025-08-14 12:22:11 [INFO]: Incoming Request: POST /create/orderId
2025-08-14 12:22:12 [INFO]: Incoming Request: GET /product/cart/data
2025-08-14 12:26:54 [INFO]: Incoming Request: GET /product/checkout
2025-08-14 12:26:55 [INFO]: Incoming Request: GET /.well-known/appspecific/com.chrome.devtools.json
2025-08-14 12:26:55 [INFO]: Incoming Request: POST /create/orderId
2025-08-14 12:26:55 [INFO]: Incoming Request: GET /product/cart/data
2025-08-14 12:59:55 [INFO]: Incoming Request: GET /product/checkout
2025-08-14 12:59:56 [INFO]: Incoming Request: POST /create/orderId
2025-08-14 12:59:56 [INFO]: Incoming Request: GET /.well-known/appspecific/com.chrome.devtools.json
2025-08-14 12:59:57 [INFO]: Incoming Request: GET /product/cart/data
2025-08-14 13:04:41 [INFO]: Incoming Request: GET /product/checkout
2025-08-14 13:04:41 [INFO]: Incoming Request: GET /.well-known/appspecific/com.chrome.devtools.json
2025-08-14 13:04:41 [INFO]: Incoming Request: POST /create/orderId
2025-08-14 13:04:42 [INFO]: Incoming Request: GET /product/cart/data
2025-08-14 13:13:30 [INFO]: Incoming Request: GET /product/checkout
2025-08-14 13:13:30 [INFO]: Incoming Request: GET /.well-known/appspecific/com.chrome.devtools.json
2025-08-14 13:13:31 [INFO]: Incoming Request: POST /create/orderId
2025-08-14 13:13:32 [INFO]: Incoming Request: GET /product/cart/data
2025-08-14 13:15:40 [INFO]: Incoming Request: POST /api/payment/verify
2025-08-14 13:15:40 [INFO]: Incoming Request: GET /paymentsuccess
2025-08-14 13:15:40 [INFO]: Incoming Request: GET /.well-known/appspecific/com.chrome.devtools.json
2025-08-14 13:17:31 [INFO]: Incoming Request: GET /paymentsuccess
2025-08-14 13:17:31 [INFO]: Incoming Request: GET /.well-known/appspecific/com.chrome.devtools.json
2025-08-14 13:17:47 [INFO]: Incoming Request: GET /paymentsuccess
2025-08-14 13:17:47 [INFO]: Incoming Request: GET /.well-known/appspecific/com.chrome.devtools.json
2025-08-14 13:21:29 [INFO]: Incoming Request: GET /paymentsuccess
2025-08-14 13:21:29 [INFO]: Incoming Request: GET /images/CheckMark.gif
2025-08-14 13:21:29 [INFO]: Incoming Request: GET /.well-known/appspecific/com.chrome.devtools.json
2025-08-14 13:21:45 [INFO]: Incoming Request: GET /paymentsuccess
2025-08-14 13:21:45 [INFO]: Incoming Request: GET /images/CheckMark.gif
2025-08-14 13:21:45 [INFO]: Incoming Request: GET /.well-known/appspecific/com.chrome.devtools.json
2025-08-14 13:21:54 [INFO]: Incoming Request: GET /paymentsuccess
2025-08-14 13:21:54 [INFO]: Incoming Request: GET /images/CheckMark.gif
2025-08-14 13:21:54 [INFO]: Incoming Request: GET /.well-known/appspecific/com.chrome.devtools.json
2025-08-14 13:22:07 [INFO]: Incoming Request: GET /paymentsuccess
2025-08-14 13:22:07 [INFO]: Incoming Request: GET /images/CheckMark.gif
2025-08-14 13:22:07 [INFO]: Incoming Request: GET /.well-known/appspecific/com.chrome.devtools.json
2025-08-14 13:22:29 [INFO]: Incoming Request: GET /paymentsuccess
2025-08-14 13:22:29 [INFO]: Incoming Request: GET /images/CheckMark.gif
2025-08-14 13:22:29 [INFO]: Incoming Request: GET /.well-known/appspecific/com.chrome.devtools.json
2025-08-14 13:22:29 [INFO]: Incoming Request: GET /paymentsuccess
2025-08-14 13:22:29 [INFO]: Incoming Request: GET /images/CheckMark.gif
2025-08-14 13:22:29 [INFO]: Incoming Request: GET /.well-known/appspecific/com.chrome.devtools.json
2025-08-14 13:22:36 [INFO]: Incoming Request: GET /paymentsuccess
2025-08-14 13:22:36 [INFO]: Incoming Request: GET /images/CheckMark.gif
2025-08-14 13:22:36 [INFO]: Incoming Request: GET /.well-known/appspecific/com.chrome.devtools.json
2025-08-14 13:22:36 [INFO]: Incoming Request: GET /paymentsuccess
2025-08-14 13:22:37 [INFO]: Incoming Request: GET /images/CheckMark.gif
2025-08-14 13:22:37 [INFO]: Incoming Request: GET /.well-known/appspecific/com.chrome.devtools.json
2025-08-14 13:22:47 [INFO]: Incoming Request: GET /.well-known/appspecific/com.chrome.devtools.json
2025-08-14 13:22:48 [INFO]: Incoming Request: POST /create/orderId
2025-08-14 13:25:35 [INFO]: Incoming Request: GET /product/checkout
2025-08-14 13:25:36 [INFO]: Incoming Request: GET /.well-known/appspecific/com.chrome.devtools.json
2025-08-14 13:25:36 [INFO]: Incoming Request: POST /create/orderId
2025-08-14 13:25:37 [INFO]: Incoming Request: GET /product/cart/data
2025-08-14 13:26:16 [INFO]: Incoming Request: POST /api/payment/verify
2025-08-14 13:26:16 [INFO]: Incoming Request: GET /paymentsuccess
2025-08-14 13:26:17 [INFO]: Incoming Request: GET /images/CheckMark.gif
2025-08-14 13:26:17 [INFO]: Incoming Request: GET /.well-known/appspecific/com.chrome.devtools.json
2025-08-14 13:26:19 [INFO]: Incoming Request: GET /.well-known/appspecific/com.chrome.devtools.json
2025-08-14 13:26:23 [INFO]: Incoming Request: GET /product/checkout
2025-08-14 13:26:23 [INFO]: Incoming Request: GET /.well-known/appspecific/com.chrome.devtools.json
2025-08-14 13:26:23 [INFO]: Incoming Request: POST /create/orderId
2025-08-14 13:26:24 [INFO]: Incoming Request: GET /product/cart/data
2025-08-14 13:26:56 [INFO]: Incoming Request: GET /paymentsuccess
2025-08-14 13:26:56 [INFO]: Incoming Request: GET /images/CheckMark.gif
2025-08-14 13:26:56 [INFO]: Incoming Request: GET /.well-known/appspecific/com.chrome.devtools.json
2025-08-14 13:27:00 [INFO]: Incoming Request: GET /product/checkout
2025-08-14 13:27:00 [INFO]: Incoming Request: GET /.well-known/appspecific/com.chrome.devtools.json
2025-08-14 13:27:00 [INFO]: Incoming Request: POST /create/orderId
2025-08-14 13:27:01 [INFO]: Incoming Request: GET /product/cart/data
2025-08-14 13:28:33 [INFO]: Incoming Request: GET /product/checkout
2025-08-14 13:28:34 [INFO]: Incoming Request: GET /.well-known/appspecific/com.chrome.devtools.json
2025-08-14 13:28:34 [INFO]: Incoming Request: POST /create/orderId
2025-08-14 13:28:35 [INFO]: Incoming Request: GET /product/cart/data
2025-08-14 13:29:14 [INFO]: Incoming Request: POST /api/payment/verify
2025-08-14 13:33:17 [INFO]: Incoming Request: GET /product/checkout
2025-08-14 13:33:17 [INFO]: Incoming Request: GET /.well-known/appspecific/com.chrome.devtools.json
2025-08-14 13:33:17 [INFO]: Incoming Request: POST /create/orderId
2025-08-14 13:33:19 [INFO]: Incoming Request: GET /product/cart/data
2025-08-14 13:33:53 [INFO]: Incoming Request: POST /api/payment/verify
2025-08-14 13:33:53 [INFO]: Incoming Request: GET /paymentsuccess
2025-08-14 13:33:53 [INFO]: Incoming Request: GET /.well-known/appspecific/com.chrome.devtools.json
2025-08-14 13:34:11 [INFO]: Incoming Request: GET /paymentsuccess
2025-08-14 13:34:11 [INFO]: Incoming Request: GET /images/CheckMark.gif
2025-08-14 13:34:11 [INFO]: Incoming Request: GET /.well-known/appspecific/com.chrome.devtools.json
2025-08-14 13:34:15 [INFO]: Incoming Request: GET /.well-known/appspecific/com.chrome.devtools.json
2025-08-14 13:34:19 [INFO]: Incoming Request: GET /product/checkout
2025-08-14 13:34:19 [INFO]: Incoming Request: GET /.well-known/appspecific/com.chrome.devtools.json
2025-08-14 13:34:19 [INFO]: Incoming Request: POST /create/orderId
2025-08-14 13:34:20 [INFO]: Incoming Request: GET /product/cart/data
2025-08-14 13:34:23 [INFO]: Incoming Request: GET /product/checkout
2025-08-14 13:34:23 [INFO]: Incoming Request: GET /.well-known/appspecific/com.chrome.devtools.json
2025-08-14 13:34:23 [INFO]: Incoming Request: POST /create/orderId
2025-08-14 13:34:24 [INFO]: Incoming Request: GET /product/cart/data
2025-08-14 13:35:23 [INFO]: Incoming Request: GET /product/checkout
2025-08-14 13:35:25 [INFO]: Incoming Request: GET /product/checkout
2025-08-14 13:35:25 [INFO]: Incoming Request: GET /.well-known/appspecific/com.chrome.devtools.json
2025-08-14 13:35:25 [INFO]: Incoming Request: POST /create/orderId
2025-08-14 13:35:27 [INFO]: Incoming Request: GET /product/cart/data
2025-08-14 13:36:01 [INFO]: Incoming Request: POST /api/payment/verify
2025-08-14 13:36:01 [INFO]: Incoming Request: GET /paymentsuccess
2025-08-14 13:36:01 [INFO]: Incoming Request: GET /images/CheckMark.gif
2025-08-14 13:36:01 [INFO]: Incoming Request: GET /.well-known/appspecific/com.chrome.devtools.json
2025-08-14 13:39:27 [INFO]: Incoming Request: GET /.well-known/appspecific/com.chrome.devtools.json
2025-08-14 13:39:29 [INFO]: Incoming Request: GET /product/checkout
2025-08-14 13:39:29 [INFO]: Incoming Request: GET /.well-known/appspecific/com.chrome.devtools.json
2025-08-14 13:39:29 [INFO]: Incoming Request: POST /create/orderId
2025-08-14 13:39:30 [INFO]: Incoming Request: GET /product/cart/data
2025-08-14 13:40:05 [INFO]: Incoming Request: POST /api/payment/verify
2025-08-14 13:40:05 [INFO]: Incoming Request: GET /paymentsuccess
2025-08-14 13:40:05 [INFO]: Incoming Request: GET /images/CheckMark.gif
2025-08-14 13:40:05 [INFO]: Incoming Request: GET /.well-known/appspecific/com.chrome.devtools.json
2025-08-14 13:40:54 [INFO]: Incoming Request: GET /.well-known/appspecific/com.chrome.devtools.json
2025-08-14 13:40:55 [INFO]: Incoming Request: GET /product/checkout
2025-08-14 13:40:55 [INFO]: Incoming Request: GET /.well-known/appspecific/com.chrome.devtools.json
2025-08-14 13:40:55 [INFO]: Incoming Request: POST /create/orderId
2025-08-14 13:40:56 [INFO]: Incoming Request: GET /product/cart/data
2025-08-14 13:41:10 [INFO]: Incoming Request: GET /product/checkout
2025-08-14 13:41:10 [INFO]: Incoming Request: GET /.well-known/appspecific/com.chrome.devtools.json
2025-08-14 13:41:10 [INFO]: Incoming Request: POST /create/orderId
2025-08-14 13:41:11 [INFO]: Incoming Request: GET /product/cart/data
2025-08-14 13:41:20 [INFO]: Incoming Request: GET /product/checkout
2025-08-14 13:41:20 [INFO]: Incoming Request: GET /.well-known/appspecific/com.chrome.devtools.json
2025-08-14 13:41:20 [INFO]: Incoming Request: POST /create/orderId
2025-08-14 13:41:21 [INFO]: Incoming Request: GET /product/cart/data
2025-08-14 13:41:49 [INFO]: Incoming Request: POST /api/payment/verify
2025-08-14 13:41:49 [INFO]: Incoming Request: GET /paymentsuccess
2025-08-14 13:41:49 [INFO]: Incoming Request: GET /images/CheckMark.gif
2025-08-14 13:41:49 [INFO]: Incoming Request: GET /.well-known/appspecific/com.chrome.devtools.json
2025-08-14 13:41:56 [INFO]: Incoming Request: GET /.well-known/appspecific/com.chrome.devtools.json
2025-08-14 13:41:57 [INFO]: Incoming Request: GET /product/checkout
2025-08-14 13:41:57 [INFO]: Incoming Request: GET /.well-known/appspecific/com.chrome.devtools.json
2025-08-14 13:41:58 [INFO]: Incoming Request: POST /create/orderId
2025-08-14 13:41:58 [INFO]: Incoming Request: GET /product/cart/data
2025-08-14 13:41:59 [INFO]: Incoming Request: GET /
2025-08-14 13:41:59 [INFO]: Incoming Request: GET /.well-known/appspecific/com.chrome.devtools.json
2025-08-14 13:41:59 [INFO]: Incoming Request: GET /javascript/comman.js
2025-08-14 13:42:15 [INFO]: Incoming Request: GET /
2025-08-14 13:42:16 [INFO]: Incoming Request: GET /.well-known/appspecific/com.chrome.devtools.json
2025-08-14 13:42:16 [INFO]: Incoming Request: GET /javascript/comman.js
2025-08-14 13:42:17 [INFO]: Incoming Request: GET /product/list/all
2025-08-14 13:42:17 [INFO]: Incoming Request: GET /.well-known/appspecific/com.chrome.devtools.json
2025-08-14 13:42:21 [INFO]: Incoming Request: POST /product/add/cart
2025-08-14 13:42:24 [INFO]: Incoming Request: POST /product/add/cart
2025-08-14 13:42:27 [INFO]: Incoming Request: GET /product/cart
2025-08-14 13:42:27 [INFO]: Incoming Request: GET /.well-known/appspecific/com.chrome.devtools.json
2025-08-14 13:42:27 [INFO]: Incoming Request: GET /javascript/comman.js
2025-08-14 13:42:28 [INFO]: Incoming Request: GET /product/cart/data
2025-08-14 13:42:30 [INFO]: Incoming Request: DELETE /product/cart/remove/0f2cc60e-e149-4ad0-878c-d84143ff2ebe
2025-08-14 13:42:30 [INFO]: Incoming Request: GET /product/cart/data
2025-08-14 13:42:31 [INFO]: Incoming Request: DELETE /product/cart/remove/19928381-30f2-4a3a-b24e-8f1decce27bb
2025-08-14 13:42:31 [INFO]: Incoming Request: GET /product/cart/data
2025-08-14 13:42:39 [INFO]: Incoming Request: GET /product/list/all
2025-08-14 13:42:39 [INFO]: Incoming Request: GET /.well-known/appspecific/com.chrome.devtools.json
2025-08-14 13:42:40 [INFO]: Incoming Request: POST /product/add/cart
2025-08-14 13:42:43 [INFO]: Incoming Request: POST /product/add/cart
2025-08-14 13:42:46 [INFO]: Incoming Request: GET /product/cart
2025-08-14 13:42:46 [INFO]: Incoming Request: GET /javascript/comman.js
2025-08-14 13:42:46 [INFO]: Incoming Request: GET /.well-known/appspecific/com.chrome.devtools.json
2025-08-14 13:42:47 [INFO]: Incoming Request: GET /product/cart/data
2025-08-14 13:42:53 [INFO]: Incoming Request: PATCH /product/cart/update
2025-08-14 13:42:53 [INFO]: Incoming Request: GET /product/cart/data
2025-08-14 13:42:56 [INFO]: Incoming Request: PATCH /product/cart/update
2025-08-14 13:42:56 [INFO]: Incoming Request: GET /product/cart/data
2025-08-14 13:42:57 [INFO]: Incoming Request: GET /product/checkout
2025-08-14 13:42:57 [INFO]: Incoming Request: GET /.well-known/appspecific/com.chrome.devtools.json
2025-08-14 13:42:58 [INFO]: Incoming Request: POST /create/orderId
2025-08-14 13:42:58 [INFO]: Incoming Request: GET /product/cart/data
2025-08-14 13:43:45 [INFO]: Incoming Request: POST /api/payment/verify
2025-08-14 13:43:46 [INFO]: Incoming Request: GET /paymentsuccess
2025-08-14 13:43:46 [INFO]: Incoming Request: GET /images/CheckMark.gif
2025-08-14 13:43:46 [INFO]: Incoming Request: GET /.well-known/appspecific/com.chrome.devtools.json
2025-08-14 13:43:52 [INFO]: Incoming Request: GET /.well-known/appspecific/com.chrome.devtools.json
2025-08-14 13:43:53 [INFO]: Incoming Request: GET /product/checkout
2025-08-14 13:43:53 [INFO]: Incoming Request: GET /.well-known/appspecific/com.chrome.devtools.json
2025-08-14 13:43:54 [INFO]: Incoming Request: POST /create/orderId
2025-08-14 13:43:55 [INFO]: Incoming Request: GET /product/cart/data
2025-08-14 13:43:55 [INFO]: Incoming Request: GET /
2025-08-14 13:43:55 [INFO]: Incoming Request: GET /javascript/comman.js
2025-08-14 13:43:55 [INFO]: Incoming Request: GET /.well-known/appspecific/com.chrome.devtools.json
2025-08-14 13:46:34 [INFO]: Incoming Request: GET /.well-known/appspecific/com.chrome.devtools.json
2025-08-14 13:47:06 [INFO]: Incoming Request: GET /
2025-08-14 13:47:06 [INFO]: Incoming Request: GET /javascript/comman.js
2025-08-14 13:47:09 [INFO]: Incoming Request: GET /user/login
2025-08-14 13:47:09 [INFO]: Incoming Request: GET /javascript/comman.js
2025-08-14 13:47:36 [INFO]: Incoming Request: GET /user/signup
2025-08-14 13:47:36 [INFO]: Incoming Request: GET /javascript/comman.js
2025-08-14 13:47:53 [INFO]: Incoming Request: POST /user/create
2025-08-14 13:48:02 [INFO]: Incoming Request: GET /user/signup
2025-08-14 13:48:02 [INFO]: Incoming Request: GET /javascript/comman.js
2025-08-14 13:48:02 [INFO]: Incoming Request: GET /
2025-08-14 13:48:02 [INFO]: Incoming Request: GET /javascript/comman.js
2025-08-14 13:48:09 [INFO]: Incoming Request: GET /product/list/all
2025-08-14 13:48:30 [INFO]: Incoming Request: GET /product/list/all?search=skirt&category=
2025-08-14 13:48:30 [INFO]: Incoming Request: GET /product/list/all?search=skirt&category=
2025-08-14 13:48:46 [INFO]: Incoming Request: GET /product/list/all?search=top&category=
2025-08-14 13:48:58 [INFO]: Incoming Request: GET /product/list/all?search=women&category=
2025-08-14 13:49:15 [INFO]: Incoming Request: GET /product/info/829000a4-33ad-4d01-9e13-797e8fe20945
2025-08-14 13:49:52 [INFO]: Incoming Request: POST /product/ratings
2025-08-14 13:49:59 [INFO]: Incoming Request: GET /product/info/829000a4-33ad-4d01-9e13-797e8fe20945
2025-08-14 13:50:06 [INFO]: Incoming Request: POST /product/ratings
2025-08-14 13:50:10 [INFO]: Incoming Request: GET /product/info/829000a4-33ad-4d01-9e13-797e8fe20945
2025-08-14 13:50:21 [INFO]: Incoming Request: POST /product/add/cart
2025-08-14 13:50:28 [INFO]: Incoming Request: POST /product/add/cart
2025-08-14 13:50:33 [INFO]: Incoming Request: GET /product/cart
2025-08-14 13:50:33 [INFO]: Incoming Request: GET /javascript/comman.js
2025-08-14 13:50:33 [INFO]: Incoming Request: GET /product/cart/data
2025-08-14 13:50:42 [INFO]: Incoming Request: GET /product/list/all
2025-08-14 13:50:50 [INFO]: Incoming Request: POST /product/add/cart
2025-08-14 13:51:07 [INFO]: Incoming Request: POST /product/add/cart
2025-08-14 13:51:47 [INFO]: Incoming Request: GET /product/cart
2025-08-14 13:51:47 [INFO]: Incoming Request: GET /javascript/comman.js
2025-08-14 13:51:47 [INFO]: Incoming Request: GET /product/cart/data
2025-08-14 13:52:02 [INFO]: Incoming Request: PATCH /product/cart/update
2025-08-14 13:52:02 [INFO]: Incoming Request: GET /product/cart/data
2025-08-14 13:52:23 [INFO]: Incoming Request: PATCH /product/cart/update
2025-08-14 13:52:23 [INFO]: Incoming Request: GET /product/cart/data
2025-08-14 13:52:33 [INFO]: Incoming Request: PATCH /product/cart/update
2025-08-14 13:52:33 [INFO]: Incoming Request: GET /product/cart/data
2025-08-14 13:52:36 [INFO]: Incoming Request: PATCH /product/cart/update
2025-08-14 13:52:36 [INFO]: Incoming Request: GET /product/cart/data
2025-08-14 13:52:39 [INFO]: Incoming Request: PATCH /product/cart/update
2025-08-14 13:52:39 [INFO]: Incoming Request: GET /product/cart/data
2025-08-14 13:52:49 [INFO]: Incoming Request: PATCH /product/cart/update
2025-08-14 13:52:49 [INFO]: Incoming Request: GET /product/cart/data
2025-08-14 13:52:50 [INFO]: Incoming Request: PATCH /product/cart/update
2025-08-14 13:52:50 [INFO]: Incoming Request: GET /product/cart/data
2025-08-14 13:52:50 [INFO]: Incoming Request: PATCH /product/cart/update
2025-08-14 13:52:50 [INFO]: Incoming Request: GET /product/cart/data
2025-08-14 13:52:57 [INFO]: Incoming Request: PATCH /product/cart/update
2025-08-14 13:52:57 [INFO]: Incoming Request: GET /product/cart/data
2025-08-14 13:52:57 [INFO]: Incoming Request: PATCH /product/cart/update
2025-08-14 13:52:57 [INFO]: Incoming Request: GET /product/cart/data
2025-08-14 13:53:04 [INFO]: Incoming Request: DELETE /product/cart/remove/829000a4-33ad-4d01-9e13-797e8fe20945
2025-08-14 13:53:04 [INFO]: Incoming Request: GET /product/cart/data
2025-08-14 13:53:11 [INFO]: Incoming Request: GET /product/checkout
2025-08-14 13:53:11 [INFO]: Incoming Request: POST /create/orderId
2025-08-14 13:53:12 [INFO]: Incoming Request: GET /product/cart/data
2025-08-14 13:55:52 [INFO]: Incoming Request: POST /api/payment/verify
2025-08-14 13:55:52 [INFO]: Incoming Request: GET /paymentsuccess
2025-08-14 13:55:52 [INFO]: Incoming Request: GET /images/CheckMark.gif
2025-08-14 13:56:03 [INFO]: Incoming Request: GET /product/checkout
2025-08-14 13:56:04 [INFO]: Incoming Request: POST /create/orderId
2025-08-14 13:56:04 [INFO]: Incoming Request: GET /product/cart/data
2025-08-14 13:56:04 [INFO]: Incoming Request: GET /
2025-08-14 13:56:04 [INFO]: Incoming Request: GET /javascript/comman.js
2025-08-14 13:56:09 [INFO]: Incoming Request: GET /product/cart
2025-08-14 13:56:09 [INFO]: Incoming Request: GET /javascript/comman.js
2025-08-14 13:56:09 [INFO]: Incoming Request: GET /product/cart/data
2025-08-14 13:56:45 [INFO]: Incoming Request: GET /product/cart/jhgfx/
2025-08-14 13:56:49 [INFO]: Incoming Request: GET /product/cart/jhgfx
2025-08-14 13:56:54 [INFO]: Incoming Request: GET /
2025-08-14 13:56:54 [INFO]: Incoming Request: GET /javascript/comman.js
2025-08-14 13:56:56 [INFO]: Incoming Request: GET /user/login
2025-08-14 13:56:56 [INFO]: Incoming Request: GET /javascript/comman.js
2025-08-14 13:57:00 [INFO]: Incoming Request: POST /user/login
2025-08-14 13:57:03 [INFO]: Incoming Request: GET /
2025-08-14 13:57:03 [INFO]: Incoming Request: GET /javascript/comman.js
2025-08-14 14:07:59 [INFO]: Incoming Request: GET /
2025-08-14 14:07:59 [INFO]: Incoming Request: GET /javascript/comman.js
2025-08-14 14:08:04 [INFO]: Incoming Request: GET /
2025-08-14 14:08:05 [INFO]: Incoming Request: GET /javascript/comman.js
2025-08-14 14:08:06 [INFO]: Incoming Request: GET /user/login
2025-08-14 14:08:06 [INFO]: Incoming Request: GET /javascript/comman.js
2025-08-14 14:08:07 [INFO]: Incoming Request: POST /user/login
2025-08-14 14:08:10 [INFO]: Incoming Request: GET /
2025-08-14 14:08:10 [INFO]: Incoming Request: GET /javascript/comman.js
2025-08-14 14:14:54 [INFO]: Incoming Request: GET /
2025-08-14 14:14:54 [INFO]: Incoming Request: GET /javascript/comman.js
2025-08-14 14:14:55 [INFO]: Incoming Request: GET /product/list/all
2025-08-14 14:14:57 [INFO]: Incoming Request: GET /
2025-08-14 14:14:57 [INFO]: Incoming Request: GET /javascript/comman.js
2025-08-14 14:14:58 [INFO]: Incoming Request: GET /product/list/all
2025-08-14 14:15:00 [INFO]: Incoming Request: GET /
2025-08-14 14:15:00 [INFO]: Incoming Request: GET /javascript/comman.js
2025-08-14 14:15:02 [INFO]: Incoming Request: GET /user/login
2025-08-14 14:15:02 [INFO]: Incoming Request: GET /javascript/comman.js
2025-08-14 14:15:04 [INFO]: Incoming Request: POST /user/login
2025-08-14 14:15:06 [INFO]: Incoming Request: GET /
2025-08-14 14:15:06 [INFO]: Incoming Request: GET /javascript/comman.js
2025-08-14 14:15:10 [INFO]: Incoming Request: GET /product/list/all
2025-08-14 14:15:12 [INFO]: Incoming Request: GET /product/cart
2025-08-14 14:15:12 [INFO]: Incoming Request: GET /javascript/comman.js
2025-08-14 14:15:13 [INFO]: Incoming Request: GET /product/cart/data
2025-08-14 14:15:15 [INFO]: Incoming Request: GET /
2025-08-14 14:15:15 [INFO]: Incoming Request: GET /javascript/comman.js
2025-08-14 14:35:51 [INFO]: Incoming Request: GET /product/list/all
2025-08-14 14:36:04 [INFO]: Incoming Request: GET /product/list/all
2025-08-14 14:36:06 [INFO]: Incoming Request: GET /
2025-08-14 14:36:06 [INFO]: Incoming Request: GET /javascript/comman.js
2025-08-14 14:36:07 [INFO]: Incoming Request: GET /product/list/all
2025-08-14 14:36:31 [INFO]: Incoming Request: POST /product/add/cart
2025-08-14 14:36:33 [INFO]: Incoming Request: GET /product/cart
2025-08-14 14:36:33 [INFO]: Incoming Request: GET /javascript/comman.js
2025-08-14 14:36:34 [INFO]: Incoming Request: GET /product/cart/data
2025-08-14 14:36:36 [INFO]: Incoming Request: GET /product/checkout
2025-08-14 14:36:36 [INFO]: Incoming Request: POST /create/orderId
2025-08-14 14:36:37 [INFO]: Incoming Request: GET /product/cart/data
2025-08-14 14:37:13 [INFO]: Incoming Request: GET /product/checkout
2025-08-14 14:37:13 [INFO]: Incoming Request: GET /product/checkout
2025-08-14 14:37:13 [INFO]: Incoming Request: POST /create/orderId
2025-08-14 14:37:13 [INFO]: Incoming Request: GET /product/checkout
2025-08-14 14:37:13 [INFO]: Incoming Request: GET /product/checkout
2025-08-14 14:37:13 [INFO]: Incoming Request: POST /create/orderId
2025-08-14 14:37:13 [INFO]: Incoming Request: POST /create/orderId
2025-08-14 14:37:14 [INFO]: Incoming Request: GET /product/cart/data
2025-08-14 14:37:22 [INFO]: Incoming Request: GET /product/checkout
2025-08-14 14:37:22 [INFO]: Incoming Request: POST /create/orderId
2025-08-14 14:37:23 [INFO]: Incoming Request: GET /product/checkout
2025-08-14 14:37:23 [INFO]: Incoming Request: POST /create/orderId
2025-08-14 14:37:23 [INFO]: Incoming Request: GET /product/checkout
2025-08-14 14:37:23 [INFO]: Incoming Request: POST /create/orderId
2025-08-14 14:37:23 [INFO]: Incoming Request: GET /product/cart/data
2025-08-14 14:37:30 [INFO]: Incoming Request: GET /product/checkout
2025-08-14 14:37:30 [INFO]: Incoming Request: POST /create/orderId
2025-08-14 14:37:30 [INFO]: Incoming Request: GET /product/checkout
2025-08-14 14:37:30 [INFO]: Incoming Request: POST /create/orderId
2025-08-14 14:37:30 [INFO]: Incoming Request: GET /product/cart/data
2025-08-14 14:37:33 [INFO]: Incoming Request: GET /product/checkout
2025-08-14 14:37:33 [INFO]: Incoming Request: POST /create/orderId
2025-08-14 14:37:33 [INFO]: Incoming Request: GET /product/cart/data
2025-08-14 14:37:44 [INFO]: Incoming Request: GET /product/checkout
2025-08-14 14:37:44 [INFO]: Incoming Request: POST /create/orderId
2025-08-14 14:37:44 [INFO]: Incoming Request: GET /product/checkout
2025-08-14 14:37:44 [INFO]: Incoming Request: POST /create/orderId
2025-08-14 14:37:45 [INFO]: Incoming Request: GET /product/cart/data
2025-08-14 14:37:49 [INFO]: Incoming Request: GET /product/checkout
2025-08-14 14:37:49 [INFO]: Incoming Request: POST /create/orderId
2025-08-14 14:37:49 [INFO]: Incoming Request: GET /product/checkout
2025-08-14 14:37:49 [INFO]: Incoming Request: POST /create/orderId
2025-08-14 14:37:49 [INFO]: Incoming Request: GET /product/checkout
2025-08-14 14:37:49 [INFO]: Incoming Request: POST /create/orderId
2025-08-14 14:37:49 [INFO]: Incoming Request: GET /product/cart/data
2025-08-14 14:38:00 [INFO]: Incoming Request: GET /product/list/all
2025-08-14 14:38:02 [INFO]: Incoming Request: POST /product/add/cart
2025-08-14 14:38:04 [INFO]: Incoming Request: GET /product/cart
2025-08-14 14:38:04 [INFO]: Incoming Request: GET /javascript/comman.js
2025-08-14 14:38:04 [INFO]: Incoming Request: GET /product/cart/data
2025-08-14 14:38:06 [INFO]: Incoming Request: GET /product/checkout
2025-08-14 14:38:06 [INFO]: Incoming Request: POST /create/orderId
2025-08-14 14:38:06 [INFO]: Incoming Request: GET /product/cart/data
2025-08-14 14:38:24 [INFO]: Incoming Request: GET /product/checkout
2025-08-14 14:38:25 [INFO]: Incoming Request: POST /create/orderId
2025-08-14 14:38:25 [INFO]: Incoming Request: GET /product/checkout
2025-08-14 14:38:25 [INFO]: Incoming Request: POST /create/orderId
2025-08-14 14:38:25 [INFO]: Incoming Request: GET /product/cart/data
2025-08-14 14:39:35 [INFO]: Incoming Request: GET /product/checkout?
2025-08-14 14:39:35 [INFO]: Incoming Request: POST /create/orderId
2025-08-14 14:39:36 [INFO]: Incoming Request: GET /product/cart/data
2025-08-14 14:40:31 [INFO]: Incoming Request: GET /product/checkout?
2025-08-14 14:40:31 [INFO]: Incoming Request: POST /create/orderId
2025-08-14 14:40:31 [INFO]: Incoming Request: GET /product/cart/data
2025-08-14 14:40:32 [INFO]: Incoming Request: POST /create/orderId
2025-08-14 14:40:33 [INFO]: Incoming Request: POST /create/orderId
2025-08-14 14:40:38 [INFO]: Incoming Request: POST /create/orderId
2025-08-14 14:40:41 [INFO]: Incoming Request: POST /create/orderId
2025-08-14 14:40:41 [INFO]: Incoming Request: POST /create/orderId
2025-08-14 14:40:42 [INFO]: Incoming Request: POST /create/orderId
2025-08-14 14:41:20 [INFO]: Incoming Request: GET /product/checkout
2025-08-14 14:41:20 [INFO]: Incoming Request: POST /create/orderId
2025-08-14 14:41:21 [INFO]: Incoming Request: GET /product/cart/data
2025-08-14 14:41:28 [INFO]: Incoming Request: GET /product/checkout
2025-08-14 14:41:28 [INFO]: Incoming Request: POST /create/orderId
2025-08-14 14:41:28 [INFO]: Incoming Request: GET /product/checkout
2025-08-14 14:41:28 [INFO]: Incoming Request: GET /product/checkout
2025-08-14 14:41:28 [INFO]: Incoming Request: POST /create/orderId
2025-08-14 14:41:28 [INFO]: Incoming Request: POST /create/orderId
2025-08-14 14:41:28 [INFO]: Incoming Request: GET /product/checkout
2025-08-14 14:41:29 [INFO]: Incoming Request: POST /create/orderId
2025-08-14 14:41:29 [INFO]: Incoming Request: GET /product/cart/data
2025-08-14 14:41:38 [INFO]: Incoming Request: GET /product/checkout
2025-08-14 14:41:38 [INFO]: Incoming Request: POST /create/orderId
2025-08-14 14:41:38 [INFO]: Incoming Request: GET /product/checkout
2025-08-14 14:41:38 [INFO]: Incoming Request: POST /create/orderId
2025-08-14 14:41:39 [INFO]: Incoming Request: GET /product/cart/data
2025-08-14 14:41:52 [INFO]: Incoming Request: GET /product/checkout
2025-08-14 14:41:53 [INFO]: Incoming Request: POST /create/orderId
2025-08-14 14:41:53 [INFO]: Incoming Request: GET /product/checkout
2025-08-14 14:41:53 [INFO]: Incoming Request: POST /create/orderId
2025-08-14 14:41:53 [INFO]: Incoming Request: GET /product/checkout
2025-08-14 14:41:53 [INFO]: Incoming Request: POST /create/orderId
2025-08-14 14:41:53 [INFO]: Incoming Request: GET /product/cart/data
2025-08-14 14:41:55 [INFO]: Incoming Request: GET /
2025-08-14 14:41:55 [INFO]: Incoming Request: GET /javascript/comman.js
2025-08-14 14:41:57 [INFO]: Incoming Request: GET /product/cart
2025-08-14 14:41:57 [INFO]: Incoming Request: GET /javascript/comman.js
2025-08-14 14:41:57 [INFO]: Incoming Request: GET /product/cart/data
2025-08-14 14:41:58 [INFO]: Incoming Request: GET /product/checkout
2025-08-14 14:41:58 [INFO]: Incoming Request: POST /create/orderId
2025-08-14 14:41:59 [INFO]: Incoming Request: GET /product/cart/data
2025-08-14 14:46:53 [INFO]: Incoming Request: GET /
2025-08-14 14:46:53 [INFO]: Incoming Request: GET /javascript/comman.js
2025-08-14 14:48:24 [INFO]: Incoming Request: GET /
2025-08-14 14:48:24 [INFO]: Incoming Request: GET /javascript/comman.js
2025-08-14 14:48:24 [INFO]: Incoming Request: GET /
2025-08-14 14:48:24 [INFO]: Incoming Request: GET /javascript/comman.js
2025-08-14 14:48:30 [INFO]: Incoming Request: GET /
2025-08-14 14:48:30 [INFO]: Incoming Request: GET /javascript/comman.js
2025-08-14 14:48:30 [INFO]: Incoming Request: GET /
2025-08-14 14:48:30 [INFO]: Incoming Request: GET /javascript/comman.js
2025-08-14 14:48:30 [INFO]: Incoming Request: GET /
2025-08-14 14:48:30 [INFO]: Incoming Request: GET /javascript/comman.js
2025-08-14 14:48:30 [INFO]: Incoming Request: GET /
2025-08-14 14:48:30 [INFO]: Incoming Request: GET /javascript/comman.js
2025-08-14 14:48:30 [INFO]: Incoming Request: GET /
2025-08-14 14:48:30 [INFO]: Incoming Request: GET /javascript/comman.js
2025-08-14 14:48:31 [INFO]: Incoming Request: GET /
2025-08-14 14:48:31 [INFO]: Incoming Request: GET /javascript/comman.js
2025-08-14 14:48:38 [INFO]: Incoming Request: GET /product/list/all
2025-08-14 14:48:40 [INFO]: Incoming Request: GET /
2025-08-14 14:48:40 [INFO]: Incoming Request: GET /javascript/comman.js
2025-08-14 14:48:43 [INFO]: Incoming Request: GET /
2025-08-14 14:48:43 [INFO]: Incoming Request: GET /javascript/comman.js
2025-08-14 14:48:43 [INFO]: Incoming Request: GET /
2025-08-14 14:48:43 [INFO]: Incoming Request: GET /javascript/comman.js
2025-08-14 14:48:44 [INFO]: Incoming Request: GET /
2025-08-14 14:48:44 [INFO]: Incoming Request: GET /javascript/comman.js
2025-08-14 14:49:52 [INFO]: Incoming Request: GET /
2025-08-14 14:49:52 [INFO]: Incoming Request: GET /javascript/comman.js
2025-08-14 14:49:54 [INFO]: Incoming Request: GET /
2025-08-14 14:49:54 [INFO]: Incoming Request: GET /javascript/comman.js
2025-08-14 14:50:12 [INFO]: Incoming Request: GET /
2025-08-14 14:50:12 [INFO]: Incoming Request: GET /javascript/comman.js
2025-08-14 14:50:13 [INFO]: Incoming Request: GET /
2025-08-14 14:50:13 [INFO]: Incoming Request: GET /javascript/comman.js
2025-08-14 14:50:13 [INFO]: Incoming Request: GET /
2025-08-14 14:50:13 [INFO]: Incoming Request: GET /javascript/comman.js
2025-08-14 14:50:43 [INFO]: Incoming Request: GET /
2025-08-14 14:50:43 [INFO]: Incoming Request: GET /javascript/comman.js
2025-08-14 14:51:16 [INFO]: Incoming Request: GET /
2025-08-14 14:51:16 [INFO]: Incoming Request: GET /javascript/comman.js
2025-08-14 14:51:16 [INFO]: Incoming Request: GET /
2025-08-14 14:51:16 [INFO]: Incoming Request: GET /javascript/comman.js
2025-08-14 14:51:17 [INFO]: Incoming Request: GET /
2025-08-14 14:51:17 [INFO]: Incoming Request: GET /javascript/comman.js
2025-08-14 14:51:39 [INFO]: Incoming Request: GET /
2025-08-14 14:51:39 [INFO]: Incoming Request: GET /javascript/comman.js
2025-08-14 14:51:39 [INFO]: Incoming Request: GET /
2025-08-14 14:51:39 [INFO]: Incoming Request: GET /javascript/comman.js
2025-08-14 14:51:39 [INFO]: Incoming Request: GET /
2025-08-14 14:51:39 [INFO]: Incoming Request: GET /javascript/comman.js
2025-08-14 14:52:04 [INFO]: Incoming Request: GET /
2025-08-14 14:52:04 [INFO]: Incoming Request: GET /javascript/comman.js
2025-08-14 14:52:04 [INFO]: Incoming Request: GET /
2025-08-14 14:52:04 [INFO]: Incoming Request: GET /javascript/comman.js
2025-08-14 14:52:04 [INFO]: Incoming Request: GET /
2025-08-14 14:52:04 [INFO]: Incoming Request: GET /javascript/comman.js
2025-08-14 14:52:19 [INFO]: Incoming Request: GET /
2025-08-14 14:52:19 [INFO]: Incoming Request: GET /javascript/comman.js
2025-08-14 14:52:19 [INFO]: Incoming Request: GET /
2025-08-14 14:52:19 [INFO]: Incoming Request: GET /javascript/comman.js
2025-08-14 14:52:19 [INFO]: Incoming Request: GET /
2025-08-14 14:52:19 [INFO]: Incoming Request: GET /javascript/comman.js
2025-08-14 14:52:26 [INFO]: Incoming Request: GET /product/list/all
2025-08-14 14:52:31 [INFO]: Incoming Request: GET /product/list/all
2025-08-14 14:52:32 [INFO]: Incoming Request: GET /product/list/all
2025-08-14 14:52:32 [INFO]: Incoming Request: GET /product/list/all
2025-08-14 14:52:33 [INFO]: Incoming Request: GET /
2025-08-14 14:52:33 [INFO]: Incoming Request: GET /javascript/comman.js
2025-08-14 14:52:34 [INFO]: Incoming Request: GET /product/list/all
2025-08-14 14:52:46 [INFO]: Incoming Request: GET /
2025-08-14 14:52:46 [INFO]: Incoming Request: GET /javascript/comman.js
2025-08-14 14:52:46 [INFO]: Incoming Request: GET /
2025-08-14 14:52:46 [INFO]: Incoming Request: GET /javascript/comman.js
2025-08-14 14:52:46 [INFO]: Incoming Request: GET /
2025-08-14 14:52:46 [INFO]: Incoming Request: GET /javascript/comman.js
2025-08-14 14:52:46 [INFO]: Incoming Request: GET /
2025-08-14 14:52:46 [INFO]: Incoming Request: GET /javascript/comman.js
2025-08-14 14:52:47 [INFO]: Incoming Request: GET /product/list/all
2025-08-14 14:53:00 [INFO]: Incoming Request: GET /
2025-08-14 14:53:00 [INFO]: Incoming Request: GET /javascript/comman.js
2025-08-14 14:53:01 [INFO]: Incoming Request: GET /
2025-08-14 14:53:01 [INFO]: Incoming Request: GET /javascript/comman.js
2025-08-14 14:53:01 [INFO]: Incoming Request: GET /
2025-08-14 14:53:01 [INFO]: Incoming Request: GET /javascript/comman.js
2025-08-14 14:53:01 [INFO]: Incoming Request: GET /
2025-08-14 14:53:01 [INFO]: Incoming Request: GET /javascript/comman.js
2025-08-14 14:53:01 [INFO]: Incoming Request: GET /
2025-08-14 14:53:01 [INFO]: Incoming Request: GET /javascript/comman.js
2025-08-14 14:53:01 [INFO]: Incoming Request: GET /
2025-08-14 14:53:01 [INFO]: Incoming Request: GET /javascript/comman.js
2025-08-14 14:53:16 [INFO]: Incoming Request: GET /
2025-08-14 14:53:16 [INFO]: Incoming Request: GET /javascript/comman.js
2025-08-14 14:53:16 [INFO]: Incoming Request: GET /
2025-08-14 14:53:16 [INFO]: Incoming Request: GET /javascript/comman.js
2025-08-14 14:53:16 [INFO]: Incoming Request: GET /
2025-08-14 14:53:16 [INFO]: Incoming Request: GET /javascript/comman.js
2025-08-14 14:53:16 [INFO]: Incoming Request: GET /
2025-08-14 14:53:16 [INFO]: Incoming Request: GET /javascript/comman.js
2025-08-14 14:53:16 [INFO]: Incoming Request: GET /
2025-08-14 14:53:16 [INFO]: Incoming Request: GET /javascript/comman.js
2025-08-14 14:53:25 [INFO]: Incoming Request: GET /
2025-08-14 14:53:25 [INFO]: Incoming Request: GET /javascript/comman.js
2025-08-14 14:53:26 [INFO]: Incoming Request: GET /
2025-08-14 14:53:26 [INFO]: Incoming Request: GET /javascript/comman.js
2025-08-14 14:53:26 [INFO]: Incoming Request: GET /
2025-08-14 14:53:26 [INFO]: Incoming Request: GET /javascript/comman.js
2025-08-14 14:53:26 [INFO]: Incoming Request: GET /
2025-08-14 14:53:26 [INFO]: Incoming Request: GET /javascript/comman.js
2025-08-14 14:53:26 [INFO]: Incoming Request: GET /
2025-08-14 14:53:26 [INFO]: Incoming Request: GET /javascript/comman.js
2025-08-14 14:53:31 [INFO]: Incoming Request: GET /
2025-08-14 14:53:31 [INFO]: Incoming Request: GET /javascript/comman.js
2025-08-14 14:53:31 [INFO]: Incoming Request: GET /
2025-08-14 14:53:31 [INFO]: Incoming Request: GET /javascript/comman.js
2025-08-14 14:53:31 [INFO]: Incoming Request: GET /
2025-08-14 14:53:31 [INFO]: Incoming Request: GET /javascript/comman.js
2025-08-14 14:53:31 [INFO]: Incoming Request: GET /
2025-08-14 14:53:31 [INFO]: Incoming Request: GET /javascript/comman.js
2025-08-14 14:53:31 [INFO]: Incoming Request: GET /
2025-08-14 14:53:31 [INFO]: Incoming Request: GET /javascript/comman.js
2025-08-14 14:53:31 [INFO]: Incoming Request: GET /
2025-08-14 14:53:31 [INFO]: Incoming Request: GET /javascript/comman.js
2025-08-14 14:53:32 [INFO]: Incoming Request: GET /
2025-08-14 14:53:32 [INFO]: Incoming Request: GET /javascript/comman.js
2025-08-14 14:53:43 [INFO]: Incoming Request: GET /
2025-08-14 14:53:43 [INFO]: Incoming Request: GET /javascript/comman.js
2025-08-14 14:53:43 [INFO]: Incoming Request: GET /
2025-08-14 14:53:43 [INFO]: Incoming Request: GET /javascript/comman.js
2025-08-14 14:53:43 [INFO]: Incoming Request: GET /
2025-08-14 14:53:43 [INFO]: Incoming Request: GET /javascript/comman.js
2025-08-14 14:53:43 [INFO]: Incoming Request: GET /
2025-08-14 14:53:43 [INFO]: Incoming Request: GET /javascript/comman.js
2025-08-14 14:53:43 [INFO]: Incoming Request: GET /
2025-08-14 14:53:43 [INFO]: Incoming Request: GET /javascript/comman.js
2025-08-14 14:56:26 [INFO]: Incoming Request: GET /.well-known/appspecific/com.chrome.devtools.json
2025-08-14 14:57:30 [INFO]: Incoming Request: GET /
2025-08-14 14:57:30 [INFO]: Incoming Request: GET /javascript/comman.js
2025-08-14 14:57:49 [INFO]: Incoming Request: GET /product/list/all
2025-08-14 14:57:52 [INFO]: Incoming Request: POST /product/add/cart
2025-08-14 14:57:55 [INFO]: Incoming Request: GET /product/info/19928381-30f2-4a3a-b24e-8f1decce27bb
2025-08-14 14:58:03 [INFO]: Incoming Request: POST /product/ratings
2025-08-14 14:58:05 [INFO]: Incoming Request: GET /product/info/19928381-30f2-4a3a-b24e-8f1decce27bb
2025-08-14 14:58:08 [INFO]: Incoming Request: GET /product/info/4551d6c6-abe7-4572-8908-511253e57c19
2025-08-14 14:58:15 [INFO]: Incoming Request: POST /product/ratings
2025-08-14 14:58:17 [INFO]: Incoming Request: GET /product/info/4551d6c6-abe7-4572-8908-511253e57c19
2025-08-14 14:59:52 [INFO]: Incoming Request: GET /
2025-08-14 14:59:52 [INFO]: Incoming Request: GET /javascript/comman.js
2025-08-14 14:59:52 [INFO]: Incoming Request: GET /
2025-08-14 14:59:52 [INFO]: Incoming Request: GET /javascript/comman.js
2025-08-14 14:59:52 [INFO]: Incoming Request: GET /
2025-08-14 14:59:52 [INFO]: Incoming Request: GET /javascript/comman.js
2025-08-14 14:59:58 [INFO]: Incoming Request: GET /
2025-08-14 14:59:58 [INFO]: Incoming Request: GET /javascript/comman.js
2025-08-14 14:59:58 [INFO]: Incoming Request: GET /
2025-08-14 14:59:58 [INFO]: Incoming Request: GET /javascript/comman.js
2025-08-14 15:00:05 [INFO]: Incoming Request: GET /
2025-08-14 15:00:05 [INFO]: Incoming Request: GET /javascript/comman.js
2025-08-14 15:00:05 [INFO]: Incoming Request: GET /
2025-08-14 15:00:05 [INFO]: Incoming Request: GET /javascript/comman.js
2025-08-14 15:00:05 [INFO]: Incoming Request: GET /
2025-08-14 15:00:05 [INFO]: Incoming Request: GET /javascript/comman.js
2025-08-14 15:00:05 [INFO]: Incoming Request: GET /
2025-08-14 15:00:05 [INFO]: Incoming Request: GET /javascript/comman.js
2025-08-14 15:03:00 [INFO]: Incoming Request: GET /
2025-08-14 15:03:01 [INFO]: Incoming Request: GET /.well-known/appspecific/com.chrome.devtools.json
2025-08-14 15:03:16 [INFO]: Incoming Request: GET /
2025-08-14 15:03:16 [INFO]: Incoming Request: GET /.well-known/appspecific/com.chrome.devtools.json
2025-08-14 15:03:16 [INFO]: Incoming Request: GET /
2025-08-14 15:03:16 [INFO]: Incoming Request: GET /.well-known/appspecific/com.chrome.devtools.json
2025-08-14 15:03:16 [INFO]: Incoming Request: GET /
2025-08-14 15:03:16 [INFO]: Incoming Request: GET /.well-known/appspecific/com.chrome.devtools.json
2025-08-14 15:03:16 [INFO]: Incoming Request: GET /
2025-08-14 15:03:17 [INFO]: Incoming Request: GET /
2025-08-14 15:03:17 [INFO]: Incoming Request: GET /.well-known/appspecific/com.chrome.devtools.json
2025-08-14 15:03:17 [INFO]: Incoming Request: GET /.well-known/appspecific/com.chrome.devtools.json
2025-08-14 15:03:17 [INFO]: Incoming Request: GET /javascript/comman.js
2025-08-14 15:03:52 [INFO]: Incoming Request: GET /
2025-08-14 15:03:52 [INFO]: Incoming Request: GET /
2025-08-14 15:03:53 [INFO]: Incoming Request: GET /
2025-08-14 15:03:53 [INFO]: Incoming Request: GET /.well-known/appspecific/com.chrome.devtools.json
2025-08-14 15:04:01 [INFO]: Incoming Request: GET /
2025-08-14 15:04:01 [INFO]: Incoming Request: GET /.well-known/appspecific/com.chrome.devtools.json
2025-08-14 15:09:46 [INFO]: Incoming Request: GET /
2025-08-14 15:09:47 [INFO]: Incoming Request: GET /.well-known/appspecific/com.chrome.devtools.json
2025-08-14 15:09:47 [INFO]: Incoming Request: GET /javascript/comman.js
2025-08-14 15:10:18 [INFO]: Incoming Request: GET /
2025-08-14 15:10:18 [INFO]: Incoming Request: GET /.well-known/appspecific/com.chrome.devtools.json
2025-08-14 15:10:18 [INFO]: Incoming Request: GET /
2025-08-14 15:10:18 [INFO]: Incoming Request: GET /.well-known/appspecific/com.chrome.devtools.json
2025-08-14 15:10:18 [INFO]: Incoming Request: GET /javascript/comman.js
2025-08-14 15:10:29 [INFO]: Incoming Request: GET /
2025-08-14 15:10:29 [INFO]: Incoming Request: GET /javascript/comman.js
2025-08-14 15:10:29 [INFO]: Incoming Request: GET /.well-known/appspecific/com.chrome.devtools.json
2025-08-14 15:10:29 [INFO]: Incoming Request: GET /
2025-08-14 15:10:29 [INFO]: Incoming Request: GET /.well-known/appspecific/com.chrome.devtools.json
2025-08-14 15:10:29 [INFO]: Incoming Request: GET /javascript/comman.js
2025-08-14 15:10:29 [INFO]: Incoming Request: GET /
2025-08-14 15:10:29 [INFO]: Incoming Request: GET /.well-known/appspecific/com.chrome.devtools.json
2025-08-14 15:10:29 [INFO]: Incoming Request: GET /javascript/comman.js
2025-08-14 15:10:30 [INFO]: Incoming Request: GET /
2025-08-14 15:10:30 [INFO]: Incoming Request: GET /.well-known/appspecific/com.chrome.devtools.json
2025-08-14 15:10:30 [INFO]: Incoming Request: GET /javascript/comman.js
2025-08-14 15:10:34 [INFO]: Incoming Request: GET /
2025-08-14 15:10:34 [INFO]: Incoming Request: GET /javascript/comman.js
2025-08-14 15:10:34 [INFO]: Incoming Request: GET /.well-known/appspecific/com.chrome.devtools.json
2025-08-14 15:10:34 [INFO]: Incoming Request: GET /
2025-08-14 15:10:34 [INFO]: Incoming Request: GET /.well-known/appspecific/com.chrome.devtools.json
2025-08-14 15:10:34 [INFO]: Incoming Request: GET /javascript/comman.js
2025-08-14 15:10:34 [INFO]: Incoming Request: GET /
2025-08-14 15:10:35 [INFO]: Incoming Request: GET /.well-known/appspecific/com.chrome.devtools.json
2025-08-14 15:10:35 [INFO]: Incoming Request: GET /javascript/comman.js
2025-08-14 15:10:35 [INFO]: Incoming Request: GET /
2025-08-14 15:10:35 [INFO]: Incoming Request: GET /javascript/comman.js
2025-08-14 15:10:35 [INFO]: Incoming Request: GET /.well-known/appspecific/com.chrome.devtools.json
2025-08-14 15:12:30 [INFO]: Incoming Request: GET /
2025-08-14 15:12:31 [INFO]: Incoming Request: GET /javascript/comman.js
2025-08-14 15:12:31 [INFO]: Incoming Request: GET /.well-known/appspecific/com.chrome.devtools.json
2025-08-14 15:12:31 [INFO]: Incoming Request: GET /
2025-08-14 15:12:31 [INFO]: Incoming Request: GET /.well-known/appspecific/com.chrome.devtools.json
2025-08-14 15:12:31 [INFO]: Incoming Request: GET /javascript/comman.js
2025-08-14 15:12:31 [INFO]: Incoming Request: GET /
2025-08-14 15:12:31 [INFO]: Incoming Request: GET /
2025-08-14 15:12:31 [INFO]: Incoming Request: GET /.well-known/appspecific/com.chrome.devtools.json
2025-08-14 15:12:31 [INFO]: Incoming Request: GET /javascript/comman.js
2025-08-14 15:12:31 [INFO]: Incoming Request: GET /.well-known/appspecific/com.chrome.devtools.json
2025-08-14 15:12:31 [INFO]: Incoming Request: GET /javascript/comman.js
2025-08-14 15:12:45 [INFO]: Incoming Request: GET /
2025-08-14 15:12:45 [INFO]: Incoming Request: GET /javascript/comman.js
2025-08-14 15:12:45 [INFO]: Incoming Request: GET /.well-known/appspecific/com.chrome.devtools.json
2025-08-14 15:12:45 [INFO]: Incoming Request: GET /
2025-08-14 15:12:45 [INFO]: Incoming Request: GET /javascript/comman.js
2025-08-14 15:12:45 [INFO]: Incoming Request: GET /.well-known/appspecific/com.chrome.devtools.json
2025-08-14 15:12:45 [INFO]: Incoming Request: GET /
2025-08-14 15:12:45 [INFO]: Incoming Request: GET /.well-known/appspecific/com.chrome.devtools.json
2025-08-14 15:12:45 [INFO]: Incoming Request: GET /javascript/comman.js
2025-08-14 15:12:45 [INFO]: Incoming Request: GET /
2025-08-14 15:12:45 [INFO]: Incoming Request: GET /.well-known/appspecific/com.chrome.devtools.json
2025-08-14 15:12:45 [INFO]: Incoming Request: GET /javascript/comman.js
2025-08-14 15:12:53 [INFO]: Incoming Request: GET /
2025-08-14 15:12:53 [INFO]: Incoming Request: GET /javascript/comman.js
2025-08-14 15:12:53 [INFO]: Incoming Request: GET /.well-known/appspecific/com.chrome.devtools.json
2025-08-14 15:12:54 [INFO]: Incoming Request: GET /
2025-08-14 15:12:54 [INFO]: Incoming Request: GET /.well-known/appspecific/com.chrome.devtools.json
2025-08-14 15:12:54 [INFO]: Incoming Request: GET /javascript/comman.js
2025-08-14 15:13:01 [INFO]: Incoming Request: GET /
2025-08-14 15:13:01 [INFO]: Incoming Request: GET /.well-known/appspecific/com.chrome.devtools.json
2025-08-14 15:13:01 [INFO]: Incoming Request: GET /javascript/comman.js
2025-08-14 15:13:01 [INFO]: Incoming Request: GET /
2025-08-14 15:13:01 [INFO]: Incoming Request: GET /.well-known/appspecific/com.chrome.devtools.json
2025-08-14 15:13:01 [INFO]: Incoming Request: GET /javascript/comman.js
2025-08-14 15:13:01 [INFO]: Incoming Request: GET /
2025-08-14 15:13:01 [INFO]: Incoming Request: GET /.well-known/appspecific/com.chrome.devtools.json
2025-08-14 15:13:01 [INFO]: Incoming Request: GET /javascript/comman.js
2025-08-14 15:13:01 [INFO]: Incoming Request: GET /
2025-08-14 15:13:01 [INFO]: Incoming Request: GET /.well-known/appspecific/com.chrome.devtools.json
2025-08-14 15:13:01 [INFO]: Incoming Request: GET /javascript/comman.js
2025-08-14 15:13:01 [INFO]: Incoming Request: GET /
2025-08-14 15:13:01 [INFO]: Incoming Request: GET /.well-known/appspecific/com.chrome.devtools.json
2025-08-14 15:13:01 [INFO]: Incoming Request: GET /javascript/comman.js
2025-08-14 15:13:02 [INFO]: Incoming Request: GET /
2025-08-14 15:13:02 [INFO]: Incoming Request: GET /.well-known/appspecific/com.chrome.devtools.json
2025-08-14 15:13:02 [INFO]: Incoming Request: GET /javascript/comman.js
2025-08-14 15:13:02 [INFO]: Incoming Request: GET /
2025-08-14 15:13:02 [INFO]: Incoming Request: GET /.well-known/appspecific/com.chrome.devtools.json
2025-08-14 15:13:02 [INFO]: Incoming Request: GET /javascript/comman.js
2025-08-14 15:13:03 [INFO]: Incoming Request: GET /
2025-08-14 15:13:03 [INFO]: Incoming Request: GET /.well-known/appspecific/com.chrome.devtools.json
2025-08-14 15:13:03 [INFO]: Incoming Request: GET /javascript/comman.js
2025-08-14 15:13:12 [INFO]: Incoming Request: GET /
2025-08-14 15:13:12 [INFO]: Incoming Request: GET /javascript/comman.js
2025-08-14 15:13:12 [INFO]: Incoming Request: GET /.well-known/appspecific/com.chrome.devtools.json
2025-08-14 15:13:13 [INFO]: Incoming Request: GET /
2025-08-14 15:13:13 [INFO]: Incoming Request: GET /.well-known/appspecific/com.chrome.devtools.json
2025-08-14 15:13:13 [INFO]: Incoming Request: GET /javascript/comman.js
2025-08-14 15:13:13 [INFO]: Incoming Request: GET /
2025-08-14 15:13:13 [INFO]: Incoming Request: GET /.well-known/appspecific/com.chrome.devtools.json
2025-08-14 15:13:13 [INFO]: Incoming Request: GET /javascript/comman.js
2025-08-14 15:13:24 [INFO]: Incoming Request: GET /
2025-08-14 15:13:24 [INFO]: Incoming Request: GET /javascript/comman.js
2025-08-14 15:13:24 [INFO]: Incoming Request: GET /.well-known/appspecific/com.chrome.devtools.json
2025-08-14 15:13:28 [INFO]: Incoming Request: GET /
2025-08-14 15:13:28 [INFO]: Incoming Request: GET /javascript/comman.js
2025-08-14 15:13:28 [INFO]: Incoming Request: GET /.well-known/appspecific/com.chrome.devtools.json
2025-08-14 15:13:28 [INFO]: Incoming Request: GET /
2025-08-14 15:13:28 [INFO]: Incoming Request: GET /.well-known/appspecific/com.chrome.devtools.json
2025-08-14 15:13:28 [INFO]: Incoming Request: GET /javascript/comman.js
2025-08-14 15:13:28 [INFO]: Incoming Request: GET /
2025-08-14 15:13:28 [INFO]: Incoming Request: GET /.well-known/appspecific/com.chrome.devtools.json
2025-08-14 15:13:28 [INFO]: Incoming Request: GET /javascript/comman.js
2025-08-14 15:13:28 [INFO]: Incoming Request: GET /
2025-08-14 15:13:28 [INFO]: Incoming Request: GET /javascript/comman.js
2025-08-14 15:13:28 [INFO]: Incoming Request: GET /.well-known/appspecific/com.chrome.devtools.json
2025-08-14 15:13:57 [INFO]: Incoming Request: GET /
2025-08-14 15:13:57 [INFO]: Incoming Request: GET /.well-known/appspecific/com.chrome.devtools.json
2025-08-14 15:13:57 [INFO]: Incoming Request: GET /
2025-08-14 15:13:57 [INFO]: Incoming Request: GET /.well-known/appspecific/com.chrome.devtools.json
2025-08-14 15:13:57 [INFO]: Incoming Request: GET /
2025-08-14 15:13:57 [INFO]: Incoming Request: GET /.well-known/appspecific/com.chrome.devtools.json
2025-08-14 15:14:05 [INFO]: Incoming Request: GET /
2025-08-14 15:14:05 [INFO]: Incoming Request: GET /.well-known/appspecific/com.chrome.devtools.json
2025-08-14 15:14:05 [INFO]: Incoming Request: GET /javascript/comman.js
2025-08-14 15:14:06 [INFO]: Incoming Request: GET /
2025-08-14 15:14:06 [INFO]: Incoming Request: GET /javascript/comman.js
2025-08-14 15:14:06 [INFO]: Incoming Request: GET /.well-known/appspecific/com.chrome.devtools.json
2025-08-14 15:14:06 [INFO]: Incoming Request: GET /
2025-08-14 15:14:06 [INFO]: Incoming Request: GET /.well-known/appspecific/com.chrome.devtools.json
2025-08-14 15:14:06 [INFO]: Incoming Request: GET /javascript/comman.js
2025-08-14 15:15:33 [INFO]: Incoming Request: GET /
2025-08-14 15:15:33 [INFO]: Incoming Request: GET /javascript/comman.js
2025-08-14 15:15:33 [INFO]: Incoming Request: GET /.well-known/appspecific/com.chrome.devtools.json
2025-08-14 15:15:33 [INFO]: Incoming Request: GET /
2025-08-14 15:15:34 [INFO]: Incoming Request: GET /javascript/comman.js
2025-08-14 15:15:34 [INFO]: Incoming Request: GET /.well-known/appspecific/com.chrome.devtools.json
2025-08-14 15:15:34 [INFO]: Incoming Request: GET /
2025-08-14 15:15:34 [INFO]: Incoming Request: GET /.well-known/appspecific/com.chrome.devtools.json
2025-08-14 15:15:34 [INFO]: Incoming Request: GET /javascript/comman.js
2025-08-14 15:16:51 [INFO]: Incoming Request: GET /
2025-08-14 15:16:51 [INFO]: Incoming Request: GET /.well-known/appspecific/com.chrome.devtools.json
2025-08-14 15:16:51 [INFO]: Incoming Request: GET /javascript/comman.js
2025-08-14 15:16:51 [INFO]: Incoming Request: GET /
2025-08-14 15:16:51 [INFO]: Incoming Request: GET /javascript/comman.js
2025-08-14 15:16:51 [INFO]: Incoming Request: GET /.well-known/appspecific/com.chrome.devtools.json
2025-08-14 15:16:51 [INFO]: Incoming Request: GET /
2025-08-14 15:16:51 [INFO]: Incoming Request: GET /javascript/comman.js
2025-08-14 15:16:51 [INFO]: Incoming Request: GET /.well-known/appspecific/com.chrome.devtools.json
2025-08-14 15:16:53 [INFO]: Incoming Request: GET /
2025-08-14 15:16:53 [INFO]: Incoming Request: GET /.well-known/appspecific/com.chrome.devtools.json
2025-08-14 15:16:53 [INFO]: Incoming Request: GET /javascript/comman.js
2025-08-14 15:16:53 [INFO]: Incoming Request: GET /
2025-08-14 15:16:53 [INFO]: Incoming Request: GET /.well-known/appspecific/com.chrome.devtools.json
2025-08-14 15:16:53 [INFO]: Incoming Request: GET /javascript/comman.js
2025-08-14 15:16:53 [INFO]: Incoming Request: GET /
2025-08-14 15:16:53 [INFO]: Incoming Request: GET /.well-known/appspecific/com.chrome.devtools.json
2025-08-14 15:16:53 [INFO]: Incoming Request: GET /javascript/comman.js
2025-08-14 15:16:58 [INFO]: Incoming Request: GET /
2025-08-14 15:16:58 [INFO]: Incoming Request: GET /javascript/comman.js
2025-08-14 15:16:58 [INFO]: Incoming Request: GET /.well-known/appspecific/com.chrome.devtools.json
2025-08-14 15:16:58 [INFO]: Incoming Request: GET /
2025-08-14 15:16:58 [INFO]: Incoming Request: GET /.well-known/appspecific/com.chrome.devtools.json
2025-08-14 15:16:58 [INFO]: Incoming Request: GET /javascript/comman.js
2025-08-14 15:17:08 [INFO]: Incoming Request: GET /
2025-08-14 15:17:08 [INFO]: Incoming Request: GET /.well-known/appspecific/com.chrome.devtools.json
2025-08-14 15:17:08 [INFO]: Incoming Request: GET /javascript/comman.js
2025-08-14 15:17:08 [INFO]: Incoming Request: GET /
2025-08-14 15:17:08 [INFO]: Incoming Request: GET /javascript/comman.js
2025-08-14 15:17:08 [INFO]: Incoming Request: GET /.well-known/appspecific/com.chrome.devtools.json
2025-08-14 15:17:08 [INFO]: Incoming Request: GET /
2025-08-14 15:17:08 [INFO]: Incoming Request: GET /.well-known/appspecific/com.chrome.devtools.json
2025-08-14 15:17:08 [INFO]: Incoming Request: GET /javascript/comman.js
2025-08-14 15:18:53 [INFO]: Incoming Request: GET /
2025-08-14 15:18:53 [INFO]: Incoming Request: GET /javascript/comman.js
2025-08-14 15:18:53 [INFO]: Incoming Request: GET /.well-known/appspecific/com.chrome.devtools.json
2025-08-14 15:18:53 [INFO]: Incoming Request: GET /
2025-08-14 15:18:53 [INFO]: Incoming Request: GET /.well-known/appspecific/com.chrome.devtools.json
2025-08-14 15:18:53 [INFO]: Incoming Request: GET /javascript/comman.js
2025-08-14 15:19:34 [INFO]: Incoming Request: GET /
2025-08-14 15:19:34 [INFO]: Incoming Request: GET /.well-known/appspecific/com.chrome.devtools.json
2025-08-14 15:19:34 [INFO]: Incoming Request: GET /javascript/comman.js
2025-08-14 15:19:34 [INFO]: Incoming Request: GET /
2025-08-14 15:19:34 [INFO]: Incoming Request: GET /javascript/comman.js
2025-08-14 15:19:34 [INFO]: Incoming Request: GET /.well-known/appspecific/com.chrome.devtools.json
2025-08-14 15:19:47 [INFO]: Incoming Request: GET /
2025-08-14 15:19:47 [INFO]: Incoming Request: GET /javascript/comman.js
2025-08-14 15:19:47 [INFO]: Incoming Request: GET /.well-known/appspecific/com.chrome.devtools.json
2025-08-14 15:19:47 [INFO]: Incoming Request: GET /
2025-08-14 15:19:47 [INFO]: Incoming Request: GET /.well-known/appspecific/com.chrome.devtools.json
2025-08-14 15:19:47 [INFO]: Incoming Request: GET /javascript/comman.js
2025-08-14 15:19:47 [INFO]: Incoming Request: GET /
2025-08-14 15:19:47 [INFO]: Incoming Request: GET /.well-known/appspecific/com.chrome.devtools.json
2025-08-14 15:19:47 [INFO]: Incoming Request: GET /javascript/comman.js
2025-08-14 15:19:48 [INFO]: Incoming Request: GET /
2025-08-14 15:19:48 [INFO]: Incoming Request: GET /.well-known/appspecific/com.chrome.devtools.json
2025-08-14 15:19:48 [INFO]: Incoming Request: GET /javascript/comman.js
2025-08-14 15:19:58 [INFO]: Incoming Request: GET /
2025-08-14 15:19:58 [INFO]: Incoming Request: GET /javascript/comman.js
2025-08-14 15:19:58 [INFO]: Incoming Request: GET /.well-known/appspecific/com.chrome.devtools.json
2025-08-14 15:20:11 [INFO]: Incoming Request: GET /
2025-08-14 15:20:11 [INFO]: Incoming Request: GET /javascript/comman.js
2025-08-14 15:20:11 [INFO]: Incoming Request: GET /.well-known/appspecific/com.chrome.devtools.json
2025-08-14 15:20:12 [INFO]: Incoming Request: GET /
2025-08-14 15:20:12 [INFO]: Incoming Request: GET /javascript/comman.js
2025-08-14 15:20:12 [INFO]: Incoming Request: GET /.well-known/appspecific/com.chrome.devtools.json
2025-08-14 15:20:12 [INFO]: Incoming Request: GET /
2025-08-14 15:20:12 [INFO]: Incoming Request: GET /.well-known/appspecific/com.chrome.devtools.json
2025-08-14 15:20:12 [INFO]: Incoming Request: GET /javascript/comman.js
2025-08-14 15:20:12 [INFO]: Incoming Request: GET /
2025-08-14 15:20:12 [INFO]: Incoming Request: GET /javascript/comman.js
2025-08-14 15:20:12 [INFO]: Incoming Request: GET /.well-known/appspecific/com.chrome.devtools.json
2025-08-14 15:20:50 [INFO]: Incoming Request: GET /
2025-08-14 15:20:50 [INFO]: Incoming Request: GET /javascript/comman.js
2025-08-14 15:20:50 [INFO]: Incoming Request: GET /.well-known/appspecific/com.chrome.devtools.json
2025-08-14 15:20:50 [INFO]: Incoming Request: GET /
2025-08-14 15:20:50 [INFO]: Incoming Request: GET /.well-known/appspecific/com.chrome.devtools.json
2025-08-14 15:20:50 [INFO]: Incoming Request: GET /javascript/comman.js
2025-08-14 15:20:50 [INFO]: Incoming Request: GET /
2025-08-14 15:20:50 [INFO]: Incoming Request: GET /.well-known/appspecific/com.chrome.devtools.json
2025-08-14 15:20:50 [INFO]: Incoming Request: GET /javascript/comman.js
2025-08-14 15:20:50 [INFO]: Incoming Request: GET /
2025-08-14 15:20:50 [INFO]: Incoming Request: GET /.well-known/appspecific/com.chrome.devtools.json
2025-08-14 15:20:50 [INFO]: Incoming Request: GET /javascript/comman.js
2025-08-14 15:20:50 [INFO]: Incoming Request: GET /
2025-08-14 15:20:50 [INFO]: Incoming Request: GET /.well-known/appspecific/com.chrome.devtools.json
2025-08-14 15:20:50 [INFO]: Incoming Request: GET /javascript/comman.js
2025-08-14 15:21:00 [INFO]: Incoming Request: GET /
2025-08-14 15:21:00 [INFO]: Incoming Request: GET /javascript/comman.js
2025-08-14 15:21:00 [INFO]: Incoming Request: GET /.well-known/appspecific/com.chrome.devtools.json
2025-08-14 15:21:00 [INFO]: Incoming Request: GET /
2025-08-14 15:21:00 [INFO]: Incoming Request: GET /javascript/comman.js
2025-08-14 15:21:00 [INFO]: Incoming Request: GET /.well-known/appspecific/com.chrome.devtools.json
2025-08-14 15:21:00 [INFO]: Incoming Request: GET /
2025-08-14 15:21:00 [INFO]: Incoming Request: GET /.well-known/appspecific/com.chrome.devtools.json
2025-08-14 15:21:00 [INFO]: Incoming Request: GET /javascript/comman.js
2025-08-14 15:22:04 [INFO]: Incoming Request: GET /
2025-08-14 15:22:04 [INFO]: Incoming Request: GET /javascript/comman.js
2025-08-14 15:22:04 [INFO]: Incoming Request: GET /.well-known/appspecific/com.chrome.devtools.json
2025-08-14 15:22:04 [INFO]: Incoming Request: GET /
2025-08-14 15:22:04 [INFO]: Incoming Request: GET /.well-known/appspecific/com.chrome.devtools.json
2025-08-14 15:22:04 [INFO]: Incoming Request: GET /javascript/comman.js
2025-08-14 15:22:04 [INFO]: Incoming Request: GET /
2025-08-14 15:22:04 [INFO]: Incoming Request: GET /.well-known/appspecific/com.chrome.devtools.json
2025-08-14 15:22:04 [INFO]: Incoming Request: GET /javascript/comman.js
2025-08-14 15:22:04 [INFO]: Incoming Request: GET /
2025-08-14 15:22:04 [INFO]: Incoming Request: GET /.well-known/appspecific/com.chrome.devtools.json
2025-08-14 15:22:04 [INFO]: Incoming Request: GET /javascript/comman.js
2025-08-14 15:22:42 [INFO]: Incoming Request: GET /
2025-08-14 15:22:42 [INFO]: Incoming Request: GET /javascript/comman.js
2025-08-14 15:22:42 [INFO]: Incoming Request: GET /.well-known/appspecific/com.chrome.devtools.json
2025-08-14 15:24:18 [INFO]: Incoming Request: GET /
2025-08-14 15:24:18 [INFO]: Incoming Request: GET /.well-known/appspecific/com.chrome.devtools.json
2025-08-14 15:24:18 [INFO]: Incoming Request: GET /javascript/comman.js
2025-08-14 15:24:45 [INFO]: Incoming Request: GET /.well-known/appspecific/com.chrome.devtools.json
2025-08-14 15:25:17 [INFO]: Incoming Request: GET /product/list/all
2025-08-14 15:25:34 [INFO]: Incoming Request: GET /product/list/all
2025-08-14 15:25:37 [INFO]: Incoming Request: GET /product/info/19928381-30f2-4a3a-b24e-8f1decce27bb
2025-08-14 15:25:39 [INFO]: Incoming Request: POST /product/add/cart
2025-08-14 15:25:47 [INFO]: Incoming Request: POST /product/ratings
2025-08-14 15:25:49 [INFO]: Incoming Request: GET /product/info/19928381-30f2-4a3a-b24e-8f1decce27bb
2025-08-14 15:25:53 [INFO]: Incoming Request: GET /product/info/7a558903-aa47-4b79-8718-562e9550dce6
2025-08-14 15:25:59 [INFO]: Incoming Request: POST /product/ratings
2025-08-14 15:26:01 [INFO]: Incoming Request: GET /product/info/7a558903-aa47-4b79-8718-562e9550dce6
2025-08-14 15:26:04 [INFO]: Incoming Request: GET /product/list/all
2025-08-14 15:26:05 [INFO]: Incoming Request: GET /
2025-08-14 15:26:05 [INFO]: Incoming Request: GET /javascript/comman.js
2025-08-14 15:29:18 [INFO]: Incoming Request: GET /
2025-08-14 15:29:18 [INFO]: Incoming Request: GET /javascript/comman.js
2025-08-14 15:29:18 [INFO]: Incoming Request: GET /
2025-08-14 15:29:18 [INFO]: Incoming Request: GET /javascript/comman.js
2025-08-14 15:29:21 [INFO]: Incoming Request: GET /
2025-08-14 15:29:21 [INFO]: Incoming Request: GET /javascript/comman.js
2025-08-14 15:29:22 [INFO]: Incoming Request: GET /
2025-08-14 15:29:22 [INFO]: Incoming Request: GET /javascript/comman.js
2025-08-14 15:29:22 [INFO]: Incoming Request: GET /
2025-08-14 15:29:22 [INFO]: Incoming Request: GET /javascript/comman.js
2025-08-14 15:29:35 [INFO]: Incoming Request: GET /
2025-08-14 15:29:35 [INFO]: Incoming Request: GET /javascript/comman.js
2025-08-14 15:29:36 [INFO]: Incoming Request: GET /
2025-08-14 15:29:36 [INFO]: Incoming Request: GET /javascript/comman.js
2025-08-14 15:29:36 [INFO]: Incoming Request: GET /
2025-08-14 15:29:36 [INFO]: Incoming Request: GET /javascript/comman.js
2025-08-14 15:29:36 [INFO]: Incoming Request: GET /
2025-08-14 15:29:36 [INFO]: Incoming Request: GET /javascript/comman.js
2025-08-14 15:29:41 [INFO]: Incoming Request: GET /
2025-08-14 15:29:41 [INFO]: Incoming Request: GET /javascript/comman.js
2025-08-14 15:29:41 [INFO]: Incoming Request: GET /
2025-08-14 15:29:41 [INFO]: Incoming Request: GET /javascript/comman.js
2025-08-14 15:29:41 [INFO]: Incoming Request: GET /
2025-08-14 15:29:41 [INFO]: Incoming Request: GET /javascript/comman.js
2025-08-14 15:29:42 [INFO]: Incoming Request: GET /
2025-08-14 15:29:42 [INFO]: Incoming Request: GET /javascript/comman.js
2025-08-14 15:29:59 [INFO]: Incoming Request: GET /
2025-08-14 15:29:59 [INFO]: Incoming Request: GET /javascript/comman.js
2025-08-14 15:30:00 [INFO]: Incoming Request: GET /.well-known/appspecific/com.chrome.devtools.json
2025-08-14 15:48:25 [INFO]: Incoming Request: GET /product/list/all
2025-08-14 15:48:27 [INFO]: Incoming Request: GET /product/info/19928381-30f2-4a3a-b24e-8f1decce27bb
2025-08-14 15:48:49 [INFO]: Incoming Request: GET /product/info/19928381-30f2-4a3a-b24e-8f1decce27bb
2025-08-14 15:48:50 [INFO]: Incoming Request: GET /product/info/19928381-30f2-4a3a-b24e-8f1decce27bb
2025-08-14 15:48:55 [INFO]: Incoming Request: GET /product/list/all
2025-08-14 15:48:58 [INFO]: Incoming Request: GET /product/list/all?page=2&search=&category=
2025-08-14 16:02:05 [INFO]: Incoming Request: POST /product/create
2025-08-14 16:02:46 [INFO]: Incoming Request: GET /product/list/all
2025-08-14 16:02:55 [INFO]: Incoming Request: GET /product/list/all?page=2&search=&category=
2025-08-14 16:02:57 [INFO]: Incoming Request: GET /product/list/all?page=3&search=&category=
2025-08-14 16:03:00 [INFO]: Incoming Request: GET /product/list/all?page=5&search=&category=
2025-08-14 16:03:06 [INFO]: Incoming Request: GET /product/list/all?page=1&search=&category=
2025-08-14 16:03:08 [INFO]: Incoming Request: GET /product/list/all?page=4&search=&category=
2025-08-14 16:03:11 [INFO]: Incoming Request: GET /product/list/all?page=2&search=&category=
2025-08-14 16:03:19 [INFO]: Incoming Request: GET /product/list/all?search=&category=jewelery
2025-08-14 16:04:09 [INFO]: Incoming Request: GET /
2025-08-14 16:04:09 [INFO]: Incoming Request: GET /javascript/comman.js
2025-08-14 16:04:12 [INFO]: Incoming Request: GET /product/list/all
2025-08-14 16:04:15 [INFO]: Incoming Request: POST /product/add/cart
2025-08-14 16:04:18 [INFO]: Incoming Request: GET /product/cart
2025-08-14 16:04:18 [INFO]: Incoming Request: GET /javascript/comman.js
2025-08-14 16:04:18 [INFO]: Incoming Request: GET /product/cart/data
2025-08-14 16:04:21 [INFO]: Incoming Request: PATCH /product/cart/update
2025-08-14 16:04:21 [INFO]: Incoming Request: GET /product/cart/data
2025-08-14 16:04:22 [INFO]: Incoming Request: PATCH /product/cart/update
2025-08-14 16:04:22 [INFO]: Incoming Request: GET /product/cart/data
2025-08-14 16:04:25 [INFO]: Incoming Request: GET /product/checkout
2025-08-14 16:04:25 [INFO]: Incoming Request: POST /create/orderId
2025-08-14 16:04:26 [INFO]: Incoming Request: GET /product/cart/data
2025-08-14 16:04:36 [INFO]: Incoming Request: GET /
2025-08-14 16:04:36 [INFO]: Incoming Request: GET /javascript/comman.js
2025-08-14 16:22:36 [INFO]: Incoming Request: GET /
2025-08-14 16:22:51 [INFO]: Incoming Request: GET /
2025-08-14 16:22:53 [INFO]: Incoming Request: GET /
2025-08-14 16:23:07 [INFO]: Incoming Request: GET /
2025-08-14 16:23:08 [INFO]: Incoming Request: GET /
2025-08-14 16:23:08 [INFO]: Incoming Request: GET /
2025-08-14 16:23:10 [INFO]: Incoming Request: GET /
2025-08-14 16:24:37 [INFO]: Incoming Request: GET /
2025-08-14 16:25:05 [INFO]: Incoming Request: GET /
2025-08-14 16:25:07 [INFO]: Incoming Request: GET /
2025-08-14 16:28:21 [INFO]: Incoming Request: GET /
2025-08-14 16:30:35 [INFO]: Incoming Request: GET /
2025-08-14 16:31:47 [INFO]: Incoming Request: GET /
2025-08-14 16:31:59 [INFO]: Incoming Request: GET /
2025-08-14 16:31:59 [INFO]: Incoming Request: GET /
2025-08-14 16:31:59 [INFO]: Incoming Request: GET /javascript/comman.js
2025-08-14 16:35:01 [INFO]: Incoming Request: GET /
2025-08-14 16:35:01 [INFO]: Incoming Request: GET /javascript/comman.js
2025-08-14 16:35:03 [INFO]: Incoming Request: GET /
2025-08-14 16:35:03 [INFO]: Incoming Request: GET /javascript/comman.js
2025-08-14 16:35:04 [INFO]: Incoming Request: GET /
2025-08-14 16:35:04 [INFO]: Incoming Request: GET /javascript/comman.js
2025-08-14 16:35:11 [INFO]: Incoming Request: GET /
2025-08-14 16:35:11 [INFO]: Incoming Request: GET /javascript/comman.js
2025-08-14 16:35:14 [INFO]: Incoming Request: GET /user/login
2025-08-14 16:35:14 [INFO]: Incoming Request: GET /javascript/comman.js
2025-08-14 16:35:18 [INFO]: Incoming Request: POST /user/login
2025-08-14 16:35:20 [INFO]: Incoming Request: GET /
2025-08-14 16:35:20 [INFO]: Incoming Request: GET /javascript/comman.js
2025-08-14 16:35:27 [INFO]: Incoming Request: GET /product/list/all
2025-08-14 16:35:31 [INFO]: Incoming Request: GET /product/list/all?page=4&search=&category=
2025-08-14 16:35:36 [INFO]: Incoming Request: GET /product/list/all?page=5&search=&category=
2025-08-14 16:35:41 [INFO]: Incoming Request: GET /product/info/829000a4-33ad-4d01-9e13-797e8fe20945
2025-08-14 16:35:47 [INFO]: Incoming Request: POST /product/ratings
2025-08-14 16:35:48 [INFO]: Incoming Request: GET /product/info/829000a4-33ad-4d01-9e13-797e8fe20945
2025-08-14 16:35:50 [INFO]: Incoming Request: GET /
2025-08-14 16:35:50 [INFO]: Incoming Request: GET /javascript/comman.js
2025-08-14 16:35:52 [INFO]: Incoming Request: GET /
2025-08-14 16:35:52 [INFO]: Incoming Request: GET /javascript/comman.js
2025-08-14 16:36:31 [INFO]: Incoming Request: GET /product/info/829000a4-33ad-4d01-9e13-797e8fe20945
2025-08-14 16:36:32 [INFO]: Incoming Request: GET /
2025-08-14 16:36:32 [INFO]: Incoming Request: GET /javascript/comman.js
2025-08-14 16:36:43 [INFO]: Incoming Request: GET /
2025-08-14 16:36:43 [INFO]: Incoming Request: GET /javascript/comman.js
2025-08-14 16:36:44 [INFO]: Incoming Request: GET /user/login
2025-08-14 16:36:44 [INFO]: Incoming Request: GET /javascript/comman.js
2025-08-14 16:36:46 [INFO]: Incoming Request: GET /user/signup
2025-08-14 16:36:46 [INFO]: Incoming Request: GET /javascript/comman.js
2025-08-14 16:36:52 [INFO]: Incoming Request: POST /user/create
2025-08-14 16:37:01 [INFO]: Incoming Request: POST /user/create
2025-08-14 16:37:03 [INFO]: Incoming Request: GET /
2025-08-14 16:37:03 [INFO]: Incoming Request: GET /javascript/comman.js
2025-08-14 16:37:07 [INFO]: Incoming Request: GET /product/list/all
2025-08-14 16:37:14 [INFO]: Incoming Request: GET /product/list/all?search=&category=women%27s+clothing
2025-08-14 16:37:16 [INFO]: Incoming Request: GET /product/info/829000a4-33ad-4d01-9e13-797e8fe20945
2025-08-14 16:37:27 [INFO]: Incoming Request: POST /product/ratings
2025-08-14 16:37:28 [INFO]: Incoming Request: GET /product/info/829000a4-33ad-4d01-9e13-797e8fe20945
2025-08-14 16:37:33 [INFO]: Incoming Request: GET /
2025-08-14 16:37:33 [INFO]: Incoming Request: GET /javascript/comman.js
2025-08-14 16:37:35 [INFO]: Incoming Request: GET /
2025-08-14 16:37:35 [INFO]: Incoming Request: GET /javascript/comman.js
2025-08-14 16:37:37 [INFO]: Incoming Request: GET /
2025-08-14 16:37:37 [INFO]: Incoming Request: GET /javascript/comman.js
2025-08-14 16:39:57 [INFO]: Incoming Request: GET /product/info/829000a4-33ad-4d01-9e13-797e8fe20945
2025-08-14 16:40:03 [INFO]: Incoming Request: GET /
2025-08-14 16:40:03 [INFO]: Incoming Request: GET /javascript/comman.js
2025-08-14 16:40:15 [INFO]: Incoming Request: GET /
2025-08-14 16:40:15 [INFO]: Incoming Request: GET /javascript/comman.js
2025-08-14 16:40:15 [INFO]: Incoming Request: GET /
2025-08-14 16:40:15 [INFO]: Incoming Request: GET /javascript/comman.js
2025-08-14 16:40:15 [INFO]: Incoming Request: GET /
2025-08-14 16:40:15 [INFO]: Incoming Request: GET /javascript/comman.js
